0 verbose cli /usr/local/bin/node /usr/local/lib/node_modules/npm/bin/npm-cli.js
1 info using npm@11.6.2
2 info using node@v24.12.0
3 silly config load:file:/usr/local/lib/node_modules/npm/npmrc
4 silly config load:file:/Users/mazhihui/Desktop/yishitong/.npmrc
5 silly config load:file:/Users/mazhihui/.npmrc
6 silly config load:file:/usr/local/etc/npmrc
7 verbose title npm exec shadcn@latest init -d
8 verbose argv "exec" "--" "shadcn@latest" "init" "-d"
9 verbose logfile logs-max:10 dir:/Users/mazhihui/Desktop/yishitong/.npm_cache/_logs/2026-01-21T05_43_52_471Z-
10 verbose logfile /Users/mazhihui/Desktop/yishitong/.npm_cache/_logs/2026-01-21T05_43_52_471Z-debug-0.log
11 silly logfile done cleaning log files
12 silly packumentCache heap:4496293888 maxSize:1124073472 maxEntrySize:562036736
13 http fetch GET 200 https://registry.npmjs.org/shadcn 766ms (cache miss)
14 silly packumentCache heap:4496293888 maxSize:1124073472 maxEntrySize:562036736
15 silly packumentCache heap:4496293888 maxSize:1124073472 maxEntrySize:562036736
16 http fetch GET 200 https://registry.npmjs.org/npm 947ms
17 silly idealTree buildDeps
18 silly fetch manifest shadcn@3.7.0
19 silly packumentCache full:https://registry.npmjs.org/shadcn cache-miss
20 http fetch GET 200 https://registry.npmjs.org/shadcn 575ms (cache miss)
21 silly packumentCache full:https://registry.npmjs.org/shadcn set size:undefined disposed:false
22 silly placeDep ROOT shadcn@3.7.0 OK for:  want: 3.7.0
23 silly fetch manifest @antfu/ni@^25.0.0
24 silly packumentCache full:https://registry.npmjs.org/@antfu%2fni cache-miss
25 silly fetch manifest @babel/core@^7.28.0
26 silly packumentCache full:https://registry.npmjs.org/@babel%2fcore cache-miss
27 silly fetch manifest @babel/parser@^7.28.0
28 silly packumentCache full:https://registry.npmjs.org/@babel%2fparser cache-miss
29 silly fetch manifest @babel/plugin-transform-typescript@^7.28.0
30 silly packumentCache full:https://registry.npmjs.org/@babel%2fplugin-transform-typescript cache-miss
31 silly fetch manifest @babel/preset-typescript@^7.27.1
32 silly packumentCache full:https://registry.npmjs.org/@babel%2fpreset-typescript cache-miss
33 silly fetch manifest @dotenvx/dotenvx@^1.48.4
34 silly packumentCache full:https://registry.npmjs.org/@dotenvx%2fdotenvx cache-miss
35 silly fetch manifest @modelcontextprotocol/sdk@^1.17.2
36 silly packumentCache full:https://registry.npmjs.org/@modelcontextprotocol%2fsdk cache-miss
37 silly fetch manifest @types/validate-npm-package-name@^4.0.2
38 silly packumentCache full:https://registry.npmjs.org/@types%2fvalidate-npm-package-name cache-miss
39 silly fetch manifest browserslist@^4.26.2
40 silly packumentCache full:https://registry.npmjs.org/browserslist cache-miss
41 http fetch GET 200 https://registry.npmjs.org/@babel%2fcore 407ms (cache miss)
42 silly packumentCache full:https://registry.npmjs.org/@babel%2fcore set size:undefined disposed:false
43 silly fetch manifest commander@^14.0.0
44 silly packumentCache full:https://registry.npmjs.org/commander cache-miss
45 http fetch GET 200 https://registry.npmjs.org/@antfu%2fni 463ms (cache miss)
46 silly packumentCache full:https://registry.npmjs.org/@antfu%2fni set size:undefined disposed:false
47 silly fetch manifest cosmiconfig@^9.0.0
48 silly packumentCache full:https://registry.npmjs.org/cosmiconfig cache-miss
49 http fetch GET 200 https://registry.npmjs.org/commander 380ms (cache miss)
50 silly packumentCache full:https://registry.npmjs.org/commander set size:undefined disposed:false
51 silly fetch manifest dedent@^1.6.0
52 silly packumentCache full:https://registry.npmjs.org/dedent cache-miss
53 http fetch GET 200 https://registry.npmjs.org/cosmiconfig 432ms (cache miss)
54 silly packumentCache full:https://registry.npmjs.org/cosmiconfig set size:undefined disposed:false
55 silly fetch manifest deepmerge@^4.3.1
56 silly packumentCache full:https://registry.npmjs.org/deepmerge cache-miss
57 http fetch GET 200 https://registry.npmjs.org/dedent 202ms (cache miss)
58 silly packumentCache full:https://registry.npmjs.org/dedent set size:undefined disposed:false
59 silly fetch manifest diff@^8.0.2
60 silly packumentCache full:https://registry.npmjs.org/diff cache-miss
61 http fetch GET 200 https://registry.npmjs.org/@types%2fvalidate-npm-package-name 1013ms (cache miss)
62 silly packumentCache full:https://registry.npmjs.org/@types%2fvalidate-npm-package-name set size:undefined disposed:false
63 silly fetch manifest execa@^9.6.0
64 silly packumentCache full:https://registry.npmjs.org/execa cache-miss
65 http fetch GET 200 https://registry.npmjs.org/deepmerge 317ms (cache miss)
66 silly packumentCache full:https://registry.npmjs.org/deepmerge set size:undefined disposed:false
67 silly fetch manifest fast-glob@^3.3.3
68 silly packumentCache full:https://registry.npmjs.org/fast-glob cache-miss
69 http fetch GET 200 https://registry.npmjs.org/@modelcontextprotocol%2fsdk 1228ms (cache miss)
70 silly packumentCache full:https://registry.npmjs.org/@modelcontextprotocol%2fsdk set size:undefined disposed:false
71 silly fetch manifest fs-extra@^11.3.1
72 silly packumentCache full:https://registry.npmjs.org/fs-extra cache-miss
73 http fetch GET 200 https://registry.npmjs.org/@babel%2fpreset-typescript 1318ms (cache miss)
74 silly packumentCache full:https://registry.npmjs.org/@babel%2fpreset-typescript set size:undefined disposed:false
75 silly fetch manifest fuzzysort@^3.1.0
76 silly packumentCache full:https://registry.npmjs.org/fuzzysort cache-miss
77 http fetch GET 200 https://registry.npmjs.org/diff 316ms (cache miss)
78 silly packumentCache full:https://registry.npmjs.org/diff set size:undefined disposed:false
79 silly fetch manifest https-proxy-agent@^7.0.6
80 silly packumentCache full:https://registry.npmjs.org/https-proxy-agent cache-miss
81 http fetch GET 200 https://registry.npmjs.org/browserslist 1324ms (cache miss)
82 silly packumentCache full:https://registry.npmjs.org/browserslist set size:undefined disposed:false
83 silly fetch manifest kleur@^4.1.5
84 silly packumentCache full:https://registry.npmjs.org/kleur cache-miss
85 http fetch GET 200 https://registry.npmjs.org/@dotenvx%2fdotenvx 1383ms (cache miss)
86 silly packumentCache full:https://registry.npmjs.org/@dotenvx%2fdotenvx set size:undefined disposed:false
87 silly fetch manifest msw@^2.10.4
88 silly packumentCache full:https://registry.npmjs.org/msw cache-miss
89 http fetch GET 200 https://registry.npmjs.org/execa 424ms (cache miss)
90 silly packumentCache full:https://registry.npmjs.org/execa set size:undefined disposed:false
91 silly fetch manifest node-fetch@^3.3.2
92 silly packumentCache full:https://registry.npmjs.org/node-fetch cache-miss
93 http fetch GET 200 https://registry.npmjs.org/fast-glob 265ms (cache miss)
94 silly packumentCache full:https://registry.npmjs.org/fast-glob set size:undefined disposed:false
95 silly fetch manifest open@^11.0.0
96 silly packumentCache full:https://registry.npmjs.org/open cache-miss
97 http fetch GET 200 https://registry.npmjs.org/https-proxy-agent 165ms (cache miss)
98 silly packumentCache full:https://registry.npmjs.org/https-proxy-agent set size:undefined disposed:false
99 silly fetch manifest ora@^8.2.0
100 silly packumentCache full:https://registry.npmjs.org/ora cache-miss
101 http fetch GET 200 https://registry.npmjs.org/@babel%2fparser 1492ms (cache miss)
102 silly packumentCache full:https://registry.npmjs.org/@babel%2fparser set size:undefined disposed:false
103 silly fetch manifest postcss@^8.5.6
104 silly packumentCache full:https://registry.npmjs.org/postcss cache-miss
105 http fetch GET 200 https://registry.npmjs.org/fuzzysort 180ms (cache miss)
106 silly packumentCache full:https://registry.npmjs.org/fuzzysort set size:undefined disposed:false
107 silly fetch manifest postcss-selector-parser@^7.1.0
108 silly packumentCache full:https://registry.npmjs.org/postcss-selector-parser cache-miss
109 http fetch GET 200 https://registry.npmjs.org/kleur 177ms (cache miss)
110 silly packumentCache full:https://registry.npmjs.org/kleur set size:undefined disposed:false
111 silly fetch manifest prompts@^2.4.2
112 silly packumentCache full:https://registry.npmjs.org/prompts cache-miss
113 http fetch GET 200 https://registry.npmjs.org/@babel%2fplugin-transform-typescript 1508ms (cache miss)
114 silly packumentCache full:https://registry.npmjs.org/@babel%2fplugin-transform-typescript set size:undefined disposed:false
115 silly fetch manifest recast@^0.23.11
116 silly packumentCache full:https://registry.npmjs.org/recast cache-miss
117 http fetch GET 200 https://registry.npmjs.org/fs-extra 351ms (cache miss)
118 silly packumentCache full:https://registry.npmjs.org/fs-extra set size:undefined disposed:false
119 silly fetch manifest stringify-object@^5.0.0
120 silly packumentCache full:https://registry.npmjs.org/stringify-object cache-miss
121 http fetch GET 200 https://registry.npmjs.org/open 351ms (cache miss)
122 silly packumentCache full:https://registry.npmjs.org/open set size:undefined disposed:false
123 silly fetch manifest ts-morph@^26.0.0
124 silly packumentCache full:https://registry.npmjs.org/ts-morph cache-miss
125 http fetch GET 200 https://registry.npmjs.org/ora 361ms (cache miss)
126 silly packumentCache full:https://registry.npmjs.org/ora set size:undefined disposed:false
127 silly fetch manifest tsconfig-paths@^4.2.0
128 silly packumentCache full:https://registry.npmjs.org/tsconfig-paths cache-miss
129 http fetch GET 200 https://registry.npmjs.org/prompts 348ms (cache miss)
130 silly packumentCache full:https://registry.npmjs.org/prompts set size:undefined disposed:false
131 silly fetch manifest validate-npm-package-name@^7.0.1
132 silly packumentCache full:https://registry.npmjs.org/validate-npm-package-name cache-miss
133 http fetch GET 200 https://registry.npmjs.org/stringify-object 272ms (cache miss)
134 silly packumentCache full:https://registry.npmjs.org/stringify-object set size:undefined disposed:false
135 silly fetch manifest zod@^3.24.1
136 silly packumentCache full:https://registry.npmjs.org/zod cache-miss
137 http fetch GET 200 https://registry.npmjs.org/postcss-selector-parser 356ms (cache miss)
138 silly packumentCache full:https://registry.npmjs.org/postcss-selector-parser set size:undefined disposed:false
139 silly fetch manifest zod-to-json-schema@^3.24.6
140 silly packumentCache full:https://registry.npmjs.org/zod-to-json-schema cache-miss
141 http fetch GET 200 https://registry.npmjs.org/postcss 415ms (cache miss)
142 silly packumentCache full:https://registry.npmjs.org/postcss set size:undefined disposed:false
143 http fetch GET 200 https://registry.npmjs.org/msw 540ms (cache miss)
144 silly packumentCache full:https://registry.npmjs.org/msw set size:undefined disposed:false
145 http fetch GET 200 https://registry.npmjs.org/recast 428ms (cache miss)
146 silly packumentCache full:https://registry.npmjs.org/recast set size:undefined disposed:false
147 http fetch GET 200 https://registry.npmjs.org/node-fetch 574ms (cache miss)
148 silly packumentCache full:https://registry.npmjs.org/node-fetch set size:undefined disposed:false
149 http fetch GET 200 https://registry.npmjs.org/validate-npm-package-name 164ms (cache miss)
150 silly packumentCache full:https://registry.npmjs.org/validate-npm-package-name set size:undefined disposed:false
151 http fetch GET 200 https://registry.npmjs.org/ts-morph 182ms (cache miss)
152 silly packumentCache full:https://registry.npmjs.org/ts-morph set size:undefined disposed:false
153 http fetch GET 200 https://registry.npmjs.org/tsconfig-paths 172ms (cache miss)
154 silly packumentCache full:https://registry.npmjs.org/tsconfig-paths set size:undefined disposed:false
155 http fetch GET 200 https://registry.npmjs.org/zod-to-json-schema 253ms (cache miss)
156 silly packumentCache full:https://registry.npmjs.org/zod-to-json-schema set size:undefined disposed:false
157 http fetch GET 200 https://registry.npmjs.org/zod 411ms (cache miss)
158 silly packumentCache full:https://registry.npmjs.org/zod set size:undefined disposed:false
159 silly fetch manifest @cfworker/json-schema@^4.1.1
160 silly packumentCache full:https://registry.npmjs.org/@cfworker%2fjson-schema cache-miss
161 http fetch GET 200 https://registry.npmjs.org/@cfworker%2fjson-schema 988ms (cache miss)
162 silly packumentCache full:https://registry.npmjs.org/@cfworker%2fjson-schema set size:undefined disposed:false
163 silly fetch manifest typescript@>=4.9.5
164 silly packumentCache full:https://registry.npmjs.org/typescript cache-miss
165 http fetch GET 200 https://registry.npmjs.org/typescript 677ms (cache miss)
166 silly packumentCache full:https://registry.npmjs.org/typescript set size:undefined disposed:false
167 silly fetch manifest babel-plugin-macros@^3.1.0
168 silly packumentCache full:https://registry.npmjs.org/babel-plugin-macros cache-miss
169 http fetch GET 200 https://registry.npmjs.org/babel-plugin-macros 198ms (cache miss)
170 silly packumentCache full:https://registry.npmjs.org/babel-plugin-macros set size:undefined disposed:false
171 silly fetch manifest typescript@>= 4.8.x
172 silly packumentCache full:https://registry.npmjs.org/typescript cache-miss
173 http cache https://registry.npmjs.org/typescript 17ms (cache hit)
174 silly packumentCache full:https://registry.npmjs.org/typescript set size:15148409 disposed:false
175 silly placeDep ROOT @antfu/ni@25.0.0 OK for: shadcn@3.7.0 want: ^25.0.0
176 silly placeDep ROOT @babel/core@7.28.6 OK for: shadcn@3.7.0 want: ^7.28.0
177 silly placeDep ROOT @babel/parser@7.28.6 OK for: shadcn@3.7.0 want: ^7.28.0
178 silly placeDep ROOT @babel/plugin-transform-typescript@7.28.6 OK for: shadcn@3.7.0 want: ^7.28.0
179 silly placeDep ROOT @babel/preset-typescript@7.28.5 OK for: shadcn@3.7.0 want: ^7.27.1
180 silly placeDep ROOT @dotenvx/dotenvx@1.51.4 OK for: shadcn@3.7.0 want: ^1.48.4
181 silly placeDep ROOT @modelcontextprotocol/sdk@1.25.3 OK for: shadcn@3.7.0 want: ^1.17.2
182 silly placeDep ROOT @types/validate-npm-package-name@4.0.2 OK for: shadcn@3.7.0 want: ^4.0.2
183 silly placeDep ROOT browserslist@4.28.1 OK for: shadcn@3.7.0 want: ^4.26.2
184 silly placeDep ROOT commander@14.0.2 OK for: shadcn@3.7.0 want: ^14.0.0
185 silly placeDep ROOT cosmiconfig@9.0.0 OK for: shadcn@3.7.0 want: ^9.0.0
186 silly placeDep ROOT dedent@1.7.1 OK for: shadcn@3.7.0 want: ^1.6.0
187 silly placeDep ROOT deepmerge@4.3.1 OK for: shadcn@3.7.0 want: ^4.3.1
188 silly placeDep ROOT diff@8.0.3 OK for: shadcn@3.7.0 want: ^8.0.2
189 silly placeDep ROOT execa@9.6.1 OK for: shadcn@3.7.0 want: ^9.6.0
190 silly placeDep ROOT fast-glob@3.3.3 OK for: shadcn@3.7.0 want: ^3.3.3
191 silly placeDep ROOT fs-extra@11.3.3 OK for: shadcn@3.7.0 want: ^11.3.1
192 silly placeDep ROOT fuzzysort@3.1.0 OK for: shadcn@3.7.0 want: ^3.1.0
193 silly placeDep ROOT https-proxy-agent@7.0.6 OK for: shadcn@3.7.0 want: ^7.0.6
194 silly placeDep ROOT kleur@4.1.5 OK for: shadcn@3.7.0 want: ^4.1.5
195 silly placeDep ROOT msw@2.12.7 OK for: shadcn@3.7.0 want: ^2.10.4
196 silly placeDep ROOT node-fetch@3.3.2 OK for: shadcn@3.7.0 want: ^3.3.2
197 silly placeDep ROOT open@11.0.0 OK for: shadcn@3.7.0 want: ^11.0.0
198 silly placeDep ROOT ora@8.2.0 OK for: shadcn@3.7.0 want: ^8.2.0
199 silly placeDep ROOT postcss@8.5.6 OK for: shadcn@3.7.0 want: ^8.5.6
200 silly placeDep ROOT postcss-selector-parser@7.1.1 OK for: shadcn@3.7.0 want: ^7.1.0
201 silly placeDep ROOT prompts@2.4.2 OK for: shadcn@3.7.0 want: ^2.4.2
202 silly placeDep ROOT recast@0.23.11 OK for: shadcn@3.7.0 want: ^0.23.11
203 silly placeDep ROOT stringify-object@5.0.0 OK for: shadcn@3.7.0 want: ^5.0.0
204 silly placeDep ROOT ts-morph@26.0.0 OK for: shadcn@3.7.0 want: ^26.0.0
205 silly placeDep ROOT tsconfig-paths@4.2.0 OK for: shadcn@3.7.0 want: ^4.2.0
206 silly placeDep ROOT validate-npm-package-name@7.0.2 OK for: shadcn@3.7.0 want: ^7.0.1
207 silly placeDep ROOT zod@3.25.76 OK for: shadcn@3.7.0 want: ^3.24.1
208 silly placeDep ROOT zod-to-json-schema@3.25.1 OK for: shadcn@3.7.0 want: ^3.24.6
209 silly fetch manifest fzf@^0.5.2
210 silly packumentCache full:https://registry.npmjs.org/fzf cache-miss
211 silly fetch manifest ansis@^4.0.0
212 silly packumentCache full:https://registry.npmjs.org/ansis cache-miss
213 silly fetch manifest tinyexec@^1.0.1
214 silly packumentCache full:https://registry.npmjs.org/tinyexec cache-miss
215 silly fetch manifest package-manager-detector@^1.3.0
216 silly packumentCache full:https://registry.npmjs.org/package-manager-detector cache-miss
217 silly fetch manifest @babel/code-frame@^7.28.6
218 silly packumentCache full:https://registry.npmjs.org/@babel%2fcode-frame cache-miss
219 silly fetch manifest @babel/generator@^7.28.6
220 silly packumentCache full:https://registry.npmjs.org/@babel%2fgenerator cache-miss
221 silly fetch manifest @babel/helper-compilation-targets@^7.28.6
222 silly packumentCache full:https://registry.npmjs.org/@babel%2fhelper-compilation-targets cache-miss
223 silly fetch manifest @babel/helper-module-transforms@^7.28.6
224 silly packumentCache full:https://registry.npmjs.org/@babel%2fhelper-module-transforms cache-miss
225 silly fetch manifest @babel/helpers@^7.28.6
226 silly packumentCache full:https://registry.npmjs.org/@babel%2fhelpers cache-miss
227 http fetch GET 200 https://registry.npmjs.org/tinyexec 179ms (cache miss)
228 silly packumentCache full:https://registry.npmjs.org/tinyexec set size:undefined disposed:false
229 silly fetch manifest @babel/parser@^7.28.6
230 silly packumentCache full:https://registry.npmjs.org/@babel%2fparser cache-miss
231 http fetch GET 200 https://registry.npmjs.org/package-manager-detector 181ms (cache miss)
232 silly packumentCache full:https://registry.npmjs.org/package-manager-detector set size:undefined disposed:false
233 silly fetch manifest @babel/template@^7.28.6
234 silly packumentCache full:https://registry.npmjs.org/@babel%2ftemplate cache-miss
235 http fetch GET 200 https://registry.npmjs.org/fzf 184ms (cache miss)
236 silly packumentCache full:https://registry.npmjs.org/fzf set size:undefined disposed:false
237 silly fetch manifest @babel/traverse@^7.28.6
238 silly packumentCache full:https://registry.npmjs.org/@babel%2ftraverse cache-miss
239 http cache https://registry.npmjs.org/@babel%2fparser 9ms (cache hit)
240 silly packumentCache full:https://registry.npmjs.org/@babel%2fparser set size:707345 disposed:false
241 silly fetch manifest @babel/types@^7.28.6
242 silly packumentCache full:https://registry.npmjs.org/@babel%2ftypes cache-miss
243 http fetch GET 200 https://registry.npmjs.org/@babel%2fhelper-module-transforms 193ms (cache miss)
244 silly packumentCache full:https://registry.npmjs.org/@babel%2fhelper-module-transforms set size:undefined disposed:false
245 silly fetch manifest @jridgewell/remapping@^2.3.5
246 silly packumentCache full:https://registry.npmjs.org/@jridgewell%2fremapping cache-miss
247 http fetch GET 200 https://registry.npmjs.org/@babel%2fgenerator 199ms (cache miss)
248 silly packumentCache full:https://registry.npmjs.org/@babel%2fgenerator set size:undefined disposed:false
249 silly fetch manifest convert-source-map@^2.0.0
250 silly packumentCache full:https://registry.npmjs.org/convert-source-map cache-miss
251 http fetch GET 200 https://registry.npmjs.org/@babel%2fhelper-compilation-targets 202ms (cache miss)
252 silly packumentCache full:https://registry.npmjs.org/@babel%2fhelper-compilation-targets set size:undefined disposed:false
253 silly fetch manifest debug@^4.1.0
254 silly packumentCache full:https://registry.npmjs.org/debug cache-miss
255 http fetch GET 200 https://registry.npmjs.org/@babel%2fcode-frame 204ms (cache miss)
256 silly packumentCache full:https://registry.npmjs.org/@babel%2fcode-frame set size:undefined disposed:false
257 silly fetch manifest gensync@^1.0.0-beta.2
258 silly packumentCache full:https://registry.npmjs.org/gensync cache-miss
259 http fetch GET 200 https://registry.npmjs.org/ansis 208ms (cache miss)
260 silly packumentCache full:https://registry.npmjs.org/ansis set size:undefined disposed:false
261 silly fetch manifest json5@^2.2.3
262 silly packumentCache full:https://registry.npmjs.org/json5 cache-miss
263 http fetch GET 200 https://registry.npmjs.org/@babel%2fhelpers 220ms (cache miss)
264 silly packumentCache full:https://registry.npmjs.org/@babel%2fhelpers set size:undefined disposed:false
265 silly fetch manifest semver@^6.3.1
266 silly packumentCache full:https://registry.npmjs.org/semver cache-miss
267 http fetch GET 200 https://registry.npmjs.org/gensync 229ms (cache miss)
268 silly packumentCache full:https://registry.npmjs.org/gensync set size:undefined disposed:false
269 silly fetch manifest @babel/types@^7.28.6
270 silly packumentCache full:https://registry.npmjs.org/@babel%2ftypes cache-miss
271 http fetch GET 200 https://registry.npmjs.org/convert-source-map 235ms (cache miss)
272 silly packumentCache full:https://registry.npmjs.org/convert-source-map set size:undefined disposed:false
273 silly fetch manifest @babel/helper-annotate-as-pure@^7.27.3
274 silly packumentCache full:https://registry.npmjs.org/@babel%2fhelper-annotate-as-pure cache-miss
275 http fetch GET 200 https://registry.npmjs.org/@jridgewell%2fremapping 244ms (cache miss)
276 silly packumentCache full:https://registry.npmjs.org/@jridgewell%2fremapping set size:undefined disposed:false
277 silly fetch manifest @babel/helper-create-class-features-plugin@^7.28.6
278 silly packumentCache full:https://registry.npmjs.org/@babel%2fhelper-create-class-features-plugin cache-miss
279 http fetch GET 200 https://registry.npmjs.org/json5 233ms (cache miss)
280 silly packumentCache full:https://registry.npmjs.org/json5 set size:undefined disposed:false
281 silly fetch manifest @babel/helper-plugin-utils@^7.28.6
282 silly packumentCache full:https://registry.npmjs.org/@babel%2fhelper-plugin-utils cache-miss
283 http fetch GET 200 https://registry.npmjs.org/semver 227ms (cache miss)
284 silly packumentCache full:https://registry.npmjs.org/semver set size:undefined disposed:false
285 silly fetch manifest @babel/helper-skip-transparent-expression-wrappers@^7.27.1
286 silly packumentCache full:https://registry.npmjs.org/@babel%2fhelper-skip-transparent-expression-wrappers cache-miss
287 http fetch GET 200 https://registry.npmjs.org/debug 248ms (cache miss)
288 silly packumentCache full:https://registry.npmjs.org/debug set size:undefined disposed:false
289 silly fetch manifest @babel/plugin-syntax-typescript@^7.28.6
290 silly packumentCache full:https://registry.npmjs.org/@babel%2fplugin-syntax-typescript cache-miss
291 http fetch GET 200 https://registry.npmjs.org/@babel%2ftypes 266ms (cache miss)
292 silly packumentCache full:https://registry.npmjs.org/@babel%2ftypes set size:undefined disposed:false
293 silly fetch manifest @babel/plugin-syntax-jsx@^7.27.1
294 silly packumentCache full:https://registry.npmjs.org/@babel%2fplugin-syntax-jsx cache-miss
295 http fetch GET 200 https://registry.npmjs.org/@babel%2ftemplate 282ms (cache miss)
296 silly packumentCache full:https://registry.npmjs.org/@babel%2ftemplate set size:undefined disposed:false
297 silly fetch manifest @babel/helper-plugin-utils@^7.27.1
298 silly packumentCache full:https://registry.npmjs.org/@babel%2fhelper-plugin-utils cache-miss
299 http fetch GET 200 https://registry.npmjs.org/@babel%2ftraverse 332ms (cache miss)
300 silly packumentCache full:https://registry.npmjs.org/@babel%2ftraverse set size:undefined disposed:false
301 silly fetch manifest @babel/helper-validator-option@^7.27.1
302 silly packumentCache full:https://registry.npmjs.org/@babel%2fhelper-validator-option cache-miss
303 http fetch GET 200 https://registry.npmjs.org/@babel%2fhelper-annotate-as-pure 161ms (cache miss)
304 silly packumentCache full:https://registry.npmjs.org/@babel%2fhelper-annotate-as-pure set size:undefined disposed:false
305 silly fetch manifest @babel/plugin-transform-modules-commonjs@^7.27.1
306 silly packumentCache full:https://registry.npmjs.org/@babel%2fplugin-transform-modules-commonjs cache-miss
307 http fetch GET 200 https://registry.npmjs.org/@babel%2fhelper-skip-transparent-expression-wrappers 254ms (cache miss)
308 silly packumentCache full:https://registry.npmjs.org/@babel%2fhelper-skip-transparent-expression-wrappers set size:undefined disposed:false
309 silly fetch manifest commander@^11.1.0
310 silly packumentCache full:https://registry.npmjs.org/commander cache-miss
311 http fetch GET 200 https://registry.npmjs.org/@babel%2fhelper-plugin-utils 264ms (cache miss)
312 silly packumentCache full:https://registry.npmjs.org/@babel%2fhelper-plugin-utils set size:undefined disposed:false
313 silly fetch manifest dotenv@^17.2.1
314 silly packumentCache full:https://registry.npmjs.org/dotenv cache-miss
315 http fetch GET 200 https://registry.npmjs.org/@babel%2fplugin-syntax-jsx 249ms (cache miss)
316 silly packumentCache full:https://registry.npmjs.org/@babel%2fplugin-syntax-jsx set size:undefined disposed:false
317 silly fetch manifest eciesjs@^0.4.10
318 silly packumentCache full:https://registry.npmjs.org/eciesjs cache-miss
319 http cache https://registry.npmjs.org/commander 6ms (cache hit)
320 silly packumentCache full:https://registry.npmjs.org/commander set size:345426 disposed:false
321 silly fetch manifest execa@^5.1.1
322 silly packumentCache full:https://registry.npmjs.org/execa cache-miss
323 http fetch GET 200 https://registry.npmjs.org/@babel%2fhelper-plugin-utils 249ms (cache miss)
324 silly packumentCache full:https://registry.npmjs.org/@babel%2fhelper-plugin-utils set size:undefined disposed:false
325 silly fetch manifest fdir@^6.2.0
326 silly packumentCache full:https://registry.npmjs.org/fdir cache-miss
327 http fetch GET 200 https://registry.npmjs.org/@babel%2fhelper-create-class-features-plugin 275ms (cache miss)
328 silly packumentCache full:https://registry.npmjs.org/@babel%2fhelper-create-class-features-plugin set size:undefined disposed:false
329 silly fetch manifest ignore@^5.3.0
330 silly packumentCache full:https://registry.npmjs.org/ignore cache-miss
331 http fetch GET 200 https://registry.npmjs.org/@babel%2fplugin-syntax-typescript 265ms (cache miss)
332 silly packumentCache full:https://registry.npmjs.org/@babel%2fplugin-syntax-typescript set size:undefined disposed:false
333 silly fetch manifest object-treeify@1.1.33
334 silly packumentCache full:https://registry.npmjs.org/object-treeify cache-miss
335 http fetch GET 200 https://registry.npmjs.org/@babel%2fhelper-validator-option 201ms (cache miss)
336 silly packumentCache full:https://registry.npmjs.org/@babel%2fhelper-validator-option set size:undefined disposed:false
337 silly fetch manifest picomatch@^4.0.2
338 silly packumentCache full:https://registry.npmjs.org/picomatch cache-miss
339 http cache https://registry.npmjs.org/execa 5ms (cache hit)
340 silly packumentCache full:https://registry.npmjs.org/execa set size:181234 disposed:false
341 silly fetch manifest which@^4.0.0
342 silly packumentCache full:https://registry.npmjs.org/which cache-miss
343 http fetch GET 200 https://registry.npmjs.org/@babel%2fplugin-transform-modules-commonjs 164ms (cache miss)
344 silly packumentCache full:https://registry.npmjs.org/@babel%2fplugin-transform-modules-commonjs set size:undefined disposed:false
345 silly fetch manifest @hono/node-server@^1.19.9
346 silly packumentCache full:https://registry.npmjs.org/@hono%2fnode-server cache-miss
347 http fetch GET 200 https://registry.npmjs.org/@babel%2ftypes 359ms (cache miss)
348 silly packumentCache full:https://registry.npmjs.org/@babel%2ftypes set size:undefined disposed:false
349 silly fetch manifest ajv@^8.17.1
350 silly packumentCache full:https://registry.npmjs.org/ajv cache-miss
351 http fetch GET 200 https://registry.npmjs.org/fdir 160ms (cache miss)
352 silly packumentCache full:https://registry.npmjs.org/fdir set size:undefined disposed:false
353 silly fetch manifest ajv-formats@^3.0.1
354 silly packumentCache full:https://registry.npmjs.org/ajv-formats cache-miss
355 http fetch GET 200 https://registry.npmjs.org/eciesjs 173ms (cache miss)
356 silly packumentCache full:https://registry.npmjs.org/eciesjs set size:undefined disposed:false
357 silly fetch manifest content-type@^1.0.5
358 silly packumentCache full:https://registry.npmjs.org/content-type cache-miss
359 http fetch GET 200 https://registry.npmjs.org/picomatch 166ms (cache miss)
360 silly packumentCache full:https://registry.npmjs.org/picomatch set size:undefined disposed:false
361 silly fetch manifest cors@^2.8.5
362 silly packumentCache full:https://registry.npmjs.org/cors cache-miss
363 http fetch GET 200 https://registry.npmjs.org/which 169ms (cache miss)
364 silly packumentCache full:https://registry.npmjs.org/which set size:undefined disposed:false
365 silly fetch manifest cross-spawn@^7.0.5
366 silly packumentCache full:https://registry.npmjs.org/cross-spawn cache-miss
367 http fetch GET 200 https://registry.npmjs.org/object-treeify 179ms (cache miss)
368 silly packumentCache full:https://registry.npmjs.org/object-treeify set size:undefined disposed:false
369 silly fetch manifest eventsource@^3.0.2
370 silly packumentCache full:https://registry.npmjs.org/eventsource cache-miss
371 http fetch GET 200 https://registry.npmjs.org/dotenv 195ms (cache miss)
372 silly packumentCache full:https://registry.npmjs.org/dotenv set size:undefined disposed:false
373 silly fetch manifest eventsource-parser@^3.0.0
374 silly packumentCache full:https://registry.npmjs.org/eventsource-parser cache-miss
375 http fetch GET 200 https://registry.npmjs.org/ignore 185ms (cache miss)
376 silly packumentCache full:https://registry.npmjs.org/ignore set size:undefined disposed:false
377 silly fetch manifest express@^5.0.1
378 silly packumentCache full:https://registry.npmjs.org/express cache-miss
379 http fetch GET 200 https://registry.npmjs.org/@hono%2fnode-server 183ms (cache miss)
380 silly packumentCache full:https://registry.npmjs.org/@hono%2fnode-server set size:undefined disposed:false
381 silly fetch manifest express-rate-limit@^7.5.0
382 silly packumentCache full:https://registry.npmjs.org/express-rate-limit cache-miss
383 http fetch GET 200 https://registry.npmjs.org/content-type 164ms (cache miss)
384 silly packumentCache full:https://registry.npmjs.org/content-type set size:undefined disposed:false
385 silly fetch manifest jose@^6.1.1
386 silly packumentCache full:https://registry.npmjs.org/jose cache-miss
387 http fetch GET 200 https://registry.npmjs.org/cors 166ms (cache miss)
388 silly packumentCache full:https://registry.npmjs.org/cors set size:undefined disposed:false
389 silly fetch manifest json-schema-typed@^8.0.2
390 silly packumentCache full:https://registry.npmjs.org/json-schema-typed cache-miss
391 http fetch GET 200 https://registry.npmjs.org/ajv-formats 175ms (cache miss)
392 silly packumentCache full:https://registry.npmjs.org/ajv-formats set size:undefined disposed:false
393 silly fetch manifest pkce-challenge@^5.0.0
394 silly packumentCache full:https://registry.npmjs.org/pkce-challenge cache-miss
395 http fetch GET 200 https://registry.npmjs.org/eventsource-parser 156ms (cache miss)
396 silly packumentCache full:https://registry.npmjs.org/eventsource-parser set size:undefined disposed:false
397 silly fetch manifest raw-body@^3.0.0
398 silly packumentCache full:https://registry.npmjs.org/raw-body cache-miss
399 http fetch GET 200 https://registry.npmjs.org/cross-spawn 170ms (cache miss)
400 silly packumentCache full:https://registry.npmjs.org/cross-spawn set size:undefined disposed:false
401 silly fetch manifest zod@^3.25 || ^4.0
402 silly packumentCache full:https://registry.npmjs.org/zod cache-miss
403 http cache https://registry.npmjs.org/zod 6ms (cache hit)
404 silly packumentCache full:https://registry.npmjs.org/zod set size:3460404 disposed:false
405 silly fetch manifest zod-to-json-schema@^3.25.0
406 silly packumentCache full:https://registry.npmjs.org/zod-to-json-schema cache-miss
407 http cache https://registry.npmjs.org/zod-to-json-schema 9ms (cache hit)
408 silly packumentCache full:https://registry.npmjs.org/zod-to-json-schema set size:301404 disposed:false
409 silly fetch manifest baseline-browser-mapping@^2.9.0
410 silly packumentCache full:https://registry.npmjs.org/baseline-browser-mapping cache-miss
411 http fetch GET 200 https://registry.npmjs.org/eventsource 193ms (cache miss)
412 silly packumentCache full:https://registry.npmjs.org/eventsource set size:undefined disposed:false
413 silly fetch manifest caniuse-lite@^1.0.30001759
414 silly packumentCache full:https://registry.npmjs.org/caniuse-lite cache-miss
415 http fetch GET 200 https://registry.npmjs.org/ajv 295ms (cache miss)
416 silly packumentCache full:https://registry.npmjs.org/ajv set size:undefined disposed:false
417 silly fetch manifest electron-to-chromium@^1.5.263
418 silly packumentCache full:https://registry.npmjs.org/electron-to-chromium cache-miss
419 http fetch GET 200 https://registry.npmjs.org/express 199ms (cache miss)
420 silly packumentCache full:https://registry.npmjs.org/express set size:undefined disposed:false
421 silly fetch manifest node-releases@^2.0.27
422 silly packumentCache full:https://registry.npmjs.org/node-releases cache-miss
423 http fetch GET 200 https://registry.npmjs.org/express-rate-limit 176ms (cache miss)
424 silly packumentCache full:https://registry.npmjs.org/express-rate-limit set size:undefined disposed:false
425 silly fetch manifest update-browserslist-db@^1.2.0
426 silly packumentCache full:https://registry.npmjs.org/update-browserslist-db cache-miss
427 http fetch GET 200 https://registry.npmjs.org/json-schema-typed 176ms (cache miss)
428 silly packumentCache full:https://registry.npmjs.org/json-schema-typed set size:undefined disposed:false
429 silly fetch manifest env-paths@^2.2.1
430 silly packumentCache full:https://registry.npmjs.org/env-paths cache-miss
431 http fetch GET 200 https://registry.npmjs.org/pkce-challenge 178ms (cache miss)
432 silly packumentCache full:https://registry.npmjs.org/pkce-challenge set size:undefined disposed:false
433 silly fetch manifest import-fresh@^3.3.0
434 silly packumentCache full:https://registry.npmjs.org/import-fresh cache-miss
435 http fetch GET 200 https://registry.npmjs.org/jose 203ms (cache miss)
436 silly packumentCache full:https://registry.npmjs.org/jose set size:undefined disposed:false
437 silly fetch manifest js-yaml@^4.1.0
438 silly packumentCache full:https://registry.npmjs.org/js-yaml cache-miss
439 http fetch GET 200 https://registry.npmjs.org/raw-body 199ms (cache miss)
440 silly packumentCache full:https://registry.npmjs.org/raw-body set size:undefined disposed:false
441 silly fetch manifest parse-json@^5.2.0
442 silly packumentCache full:https://registry.npmjs.org/parse-json cache-miss
443 http fetch GET 200 https://registry.npmjs.org/baseline-browser-mapping 184ms (cache miss)
444 silly packumentCache full:https://registry.npmjs.org/baseline-browser-mapping set size:undefined disposed:false
445 silly fetch manifest @sindresorhus/merge-streams@^4.0.0
446 silly packumentCache full:https://registry.npmjs.org/@sindresorhus%2fmerge-streams cache-miss
447 http fetch GET 200 https://registry.npmjs.org/update-browserslist-db 153ms (cache miss)
448 silly packumentCache full:https://registry.npmjs.org/update-browserslist-db set size:undefined disposed:false
449 silly fetch manifest cross-spawn@^7.0.6
450 silly packumentCache full:https://registry.npmjs.org/cross-spawn cache-miss
451 http cache https://registry.npmjs.org/cross-spawn 1ms (cache hit)
452 silly packumentCache full:https://registry.npmjs.org/cross-spawn set size:109066 disposed:false
453 silly fetch manifest figures@^6.1.0
454 silly packumentCache full:https://registry.npmjs.org/figures cache-miss
455 http fetch GET 200 https://registry.npmjs.org/node-releases 183ms (cache miss)
456 silly packumentCache full:https://registry.npmjs.org/node-releases set size:undefined disposed:false
457 silly fetch manifest get-stream@^9.0.0
458 silly packumentCache full:https://registry.npmjs.org/get-stream cache-miss
459 http fetch GET 200 https://registry.npmjs.org/caniuse-lite 325ms (cache miss)
460 silly packumentCache full:https://registry.npmjs.org/caniuse-lite set size:undefined disposed:false
461 silly fetch manifest human-signals@^8.0.1
462 silly packumentCache full:https://registry.npmjs.org/human-signals cache-miss
463 http fetch GET 200 https://registry.npmjs.org/import-fresh 195ms (cache miss)
464 silly packumentCache full:https://registry.npmjs.org/import-fresh set size:undefined disposed:false
465 silly fetch manifest is-plain-obj@^4.1.0
466 silly packumentCache full:https://registry.npmjs.org/is-plain-obj cache-miss
467 http fetch GET 200 https://registry.npmjs.org/env-paths 201ms (cache miss)
468 silly packumentCache full:https://registry.npmjs.org/env-paths set size:undefined disposed:false
469 silly fetch manifest is-stream@^4.0.1
470 silly packumentCache full:https://registry.npmjs.org/is-stream cache-miss
471 http fetch GET 200 https://registry.npmjs.org/parse-json 173ms (cache miss)
472 silly packumentCache full:https://registry.npmjs.org/parse-json set size:undefined disposed:false
473 silly fetch manifest npm-run-path@^6.0.0
474 silly packumentCache full:https://registry.npmjs.org/npm-run-path cache-miss
475 http fetch GET 200 https://registry.npmjs.org/js-yaml 176ms (cache miss)
476 silly packumentCache full:https://registry.npmjs.org/js-yaml set size:undefined disposed:false
477 silly fetch manifest pretty-ms@^9.2.0
478 silly packumentCache full:https://registry.npmjs.org/pretty-ms cache-miss
479 http fetch GET 200 https://registry.npmjs.org/figures 165ms (cache miss)
480 silly packumentCache full:https://registry.npmjs.org/figures set size:undefined disposed:false
481 silly fetch manifest signal-exit@^4.1.0
482 silly packumentCache full:https://registry.npmjs.org/signal-exit cache-miss
483 http fetch GET 200 https://registry.npmjs.org/@sindresorhus%2fmerge-streams 175ms (cache miss)
484 silly packumentCache full:https://registry.npmjs.org/@sindresorhus%2fmerge-streams set size:undefined disposed:false
485 silly fetch manifest strip-final-newline@^4.0.0
486 silly packumentCache full:https://registry.npmjs.org/strip-final-newline cache-miss
487 http fetch GET 200 https://registry.npmjs.org/get-stream 162ms (cache miss)
488 silly packumentCache full:https://registry.npmjs.org/get-stream set size:undefined disposed:false
489 silly fetch manifest yoctocolors@^2.1.1
490 silly packumentCache full:https://registry.npmjs.org/yoctocolors cache-miss
491 http fetch GET 200 https://registry.npmjs.org/electron-to-chromium 460ms (cache miss)
492 silly packumentCache full:https://registry.npmjs.org/electron-to-chromium set size:undefined disposed:false
493 silly fetch manifest @nodelib/fs.stat@^2.0.2
494 silly packumentCache full:https://registry.npmjs.org/@nodelib%2ffs.stat cache-miss
495 http fetch GET 200 https://registry.npmjs.org/is-stream 157ms (cache miss)
496 silly packumentCache full:https://registry.npmjs.org/is-stream set size:undefined disposed:false
497 silly fetch manifest @nodelib/fs.walk@^1.2.3
498 silly packumentCache full:https://registry.npmjs.org/@nodelib%2ffs.walk cache-miss
499 http fetch GET 200 https://registry.npmjs.org/human-signals 161ms (cache miss)
500 silly packumentCache full:https://registry.npmjs.org/human-signals set size:undefined disposed:false
501 silly fetch manifest glob-parent@^5.1.2
502 silly packumentCache full:https://registry.npmjs.org/glob-parent cache-miss
503 http fetch GET 200 https://registry.npmjs.org/is-plain-obj 164ms (cache miss)
504 silly packumentCache full:https://registry.npmjs.org/is-plain-obj set size:undefined disposed:false
505 silly fetch manifest merge2@^1.3.0
506 silly packumentCache full:https://registry.npmjs.org/merge2 cache-miss
507 http fetch GET 200 https://registry.npmjs.org/pretty-ms 164ms (cache miss)
508 silly packumentCache full:https://registry.npmjs.org/pretty-ms set size:undefined disposed:false
509 silly fetch manifest micromatch@^4.0.8
510 silly packumentCache full:https://registry.npmjs.org/micromatch cache-miss
511 http fetch GET 200 https://registry.npmjs.org/signal-exit 150ms (cache miss)
512 silly packumentCache full:https://registry.npmjs.org/signal-exit set size:undefined disposed:false
513 silly fetch manifest graceful-fs@^4.2.0
514 silly packumentCache full:https://registry.npmjs.org/graceful-fs cache-miss
515 http fetch GET 200 https://registry.npmjs.org/npm-run-path 170ms (cache miss)
516 silly packumentCache full:https://registry.npmjs.org/npm-run-path set size:undefined disposed:false
517 silly fetch manifest jsonfile@^6.0.1
518 silly packumentCache full:https://registry.npmjs.org/jsonfile cache-miss
519 http fetch GET 200 https://registry.npmjs.org/yoctocolors 158ms (cache miss)
520 silly packumentCache full:https://registry.npmjs.org/yoctocolors set size:undefined disposed:false
521 silly fetch manifest universalify@^2.0.0
522 silly packumentCache full:https://registry.npmjs.org/universalify cache-miss
523 http fetch GET 200 https://registry.npmjs.org/strip-final-newline 163ms (cache miss)
524 silly packumentCache full:https://registry.npmjs.org/strip-final-newline set size:undefined disposed:false
525 silly fetch manifest debug@4
526 silly packumentCache full:https://registry.npmjs.org/debug cache-miss
527 http cache https://registry.npmjs.org/debug 1ms (cache hit)
528 silly packumentCache full:https://registry.npmjs.org/debug set size:195840 disposed:false
529 silly fetch manifest agent-base@^7.1.2
530 silly packumentCache full:https://registry.npmjs.org/agent-base cache-miss
531 http fetch GET 200 https://registry.npmjs.org/glob-parent 165ms (cache miss)
532 silly packumentCache full:https://registry.npmjs.org/glob-parent set size:undefined disposed:false
533 silly fetch manifest @inquirer/confirm@^5.0.0
534 silly packumentCache full:https://registry.npmjs.org/@inquirer%2fconfirm cache-miss
535 http fetch GET 200 https://registry.npmjs.org/@nodelib%2ffs.stat 181ms (cache miss)
536 silly packumentCache full:https://registry.npmjs.org/@nodelib%2ffs.stat set size:undefined disposed:false
537 silly fetch manifest @mswjs/interceptors@^0.40.0
538 silly packumentCache full:https://registry.npmjs.org/@mswjs%2finterceptors cache-miss
539 http fetch GET 200 https://registry.npmjs.org/@nodelib%2ffs.walk 174ms (cache miss)
540 silly packumentCache full:https://registry.npmjs.org/@nodelib%2ffs.walk set size:undefined disposed:false
541 silly fetch manifest @open-draft/deferred-promise@^2.2.0
542 silly packumentCache full:https://registry.npmjs.org/@open-draft%2fdeferred-promise cache-miss
543 http fetch GET 200 https://registry.npmjs.org/graceful-fs 158ms (cache miss)
544 silly packumentCache full:https://registry.npmjs.org/graceful-fs set size:undefined disposed:false
545 silly fetch manifest @types/statuses@^2.0.6
546 silly packumentCache full:https://registry.npmjs.org/@types%2fstatuses cache-miss
547 http fetch GET 200 https://registry.npmjs.org/merge2 169ms (cache miss)
548 silly packumentCache full:https://registry.npmjs.org/merge2 set size:undefined disposed:false
549 silly fetch manifest cookie@^1.0.2
550 silly packumentCache full:https://registry.npmjs.org/cookie cache-miss
551 http fetch GET 200 https://registry.npmjs.org/jsonfile 162ms (cache miss)
552 silly packumentCache full:https://registry.npmjs.org/jsonfile set size:undefined disposed:false
553 silly fetch manifest graphql@^16.12.0
554 silly packumentCache full:https://registry.npmjs.org/graphql cache-miss
555 http fetch GET 200 https://registry.npmjs.org/micromatch 167ms (cache miss)
556 silly packumentCache full:https://registry.npmjs.org/micromatch set size:undefined disposed:false
557 silly fetch manifest headers-polyfill@^4.0.2
558 silly packumentCache full:https://registry.npmjs.org/headers-polyfill cache-miss
559 http fetch GET 200 https://registry.npmjs.org/universalify 162ms (cache miss)
560 silly packumentCache full:https://registry.npmjs.org/universalify set size:undefined disposed:false
561 silly fetch manifest is-node-process@^1.2.0
562 silly packumentCache full:https://registry.npmjs.org/is-node-process cache-miss
563 http fetch GET 200 https://registry.npmjs.org/agent-base 160ms (cache miss)
564 silly packumentCache full:https://registry.npmjs.org/agent-base set size:undefined disposed:false
565 silly fetch manifest outvariant@^1.4.3
566 silly packumentCache full:https://registry.npmjs.org/outvariant cache-miss
567 http fetch GET 200 https://registry.npmjs.org/headers-polyfill 217ms (cache miss)
568 silly packumentCache full:https://registry.npmjs.org/headers-polyfill set size:undefined disposed:false
569 silly fetch manifest path-to-regexp@^6.3.0
570 silly packumentCache full:https://registry.npmjs.org/path-to-regexp cache-miss
571 http fetch GET 200 https://registry.npmjs.org/cookie 244ms (cache miss)
572 silly packumentCache full:https://registry.npmjs.org/cookie set size:undefined disposed:false
573 silly fetch manifest picocolors@^1.1.1
574 silly packumentCache full:https://registry.npmjs.org/picocolors cache-miss
575 http fetch GET 200 https://registry.npmjs.org/@types%2fstatuses 249ms (cache miss)
576 silly packumentCache full:https://registry.npmjs.org/@types%2fstatuses set size:undefined disposed:false
577 silly fetch manifest rettime@^0.7.0
578 silly packumentCache full:https://registry.npmjs.org/rettime cache-miss
579 http fetch GET 200 https://registry.npmjs.org/outvariant 233ms (cache miss)
580 silly packumentCache full:https://registry.npmjs.org/outvariant set size:undefined disposed:false
581 silly fetch manifest statuses@^2.0.2
582 silly packumentCache full:https://registry.npmjs.org/statuses cache-miss
583 http fetch GET 200 https://registry.npmjs.org/@inquirer%2fconfirm 265ms (cache miss)
584 silly packumentCache full:https://registry.npmjs.org/@inquirer%2fconfirm set size:undefined disposed:false
585 silly fetch manifest strict-event-emitter@^0.5.1
586 silly packumentCache full:https://registry.npmjs.org/strict-event-emitter cache-miss
587 http fetch GET 200 https://registry.npmjs.org/@mswjs%2finterceptors 272ms (cache miss)
588 silly packumentCache full:https://registry.npmjs.org/@mswjs%2finterceptors set size:undefined disposed:false
589 silly fetch manifest tough-cookie@^6.0.0
590 silly packumentCache full:https://registry.npmjs.org/tough-cookie cache-miss
591 http fetch GET 200 https://registry.npmjs.org/is-node-process 427ms (cache miss)
592 silly packumentCache full:https://registry.npmjs.org/is-node-process set size:undefined disposed:false
593 silly fetch manifest type-fest@^5.2.0
594 silly packumentCache full:https://registry.npmjs.org/type-fest cache-miss
595 http fetch GET 200 https://registry.npmjs.org/graphql 441ms (cache miss)
596 silly packumentCache full:https://registry.npmjs.org/graphql set size:undefined disposed:false
597 silly fetch manifest until-async@^3.0.2
598 silly packumentCache full:https://registry.npmjs.org/until-async cache-miss
599 http fetch GET 200 https://registry.npmjs.org/picocolors 211ms (cache miss)
600 silly packumentCache full:https://registry.npmjs.org/picocolors set size:undefined disposed:false
601 silly fetch manifest yargs@^17.7.2
602 silly packumentCache full:https://registry.npmjs.org/yargs cache-miss
603 http fetch GET 200 https://registry.npmjs.org/rettime 215ms (cache miss)
604 silly packumentCache full:https://registry.npmjs.org/rettime set size:undefined disposed:false
605 silly fetch manifest data-uri-to-buffer@^4.0.0
606 silly packumentCache full:https://registry.npmjs.org/data-uri-to-buffer cache-miss
607 http fetch GET 200 https://registry.npmjs.org/@open-draft%2fdeferred-promise 468ms (cache miss)
608 silly packumentCache full:https://registry.npmjs.org/@open-draft%2fdeferred-promise set size:undefined disposed:false
609 silly fetch manifest fetch-blob@^3.1.4
610 silly packumentCache full:https://registry.npmjs.org/fetch-blob cache-miss
611 http fetch GET 200 https://registry.npmjs.org/path-to-regexp 248ms (cache miss)
612 silly packumentCache full:https://registry.npmjs.org/path-to-regexp set size:undefined disposed:false
613 silly fetch manifest formdata-polyfill@^4.0.10
614 silly packumentCache full:https://registry.npmjs.org/formdata-polyfill cache-miss
615 http fetch GET 200 https://registry.npmjs.org/statuses 269ms (cache miss)
616 silly packumentCache full:https://registry.npmjs.org/statuses set size:undefined disposed:false
617 silly fetch manifest default-browser@^5.4.0
618 silly packumentCache full:https://registry.npmjs.org/default-browser cache-miss
619 http fetch GET 200 https://registry.npmjs.org/tough-cookie 203ms (cache miss)
620 silly packumentCache full:https://registry.npmjs.org/tough-cookie set size:undefined disposed:false
621 silly fetch manifest define-lazy-prop@^3.0.0
622 silly packumentCache full:https://registry.npmjs.org/define-lazy-prop cache-miss
623 http fetch GET 200 https://registry.npmjs.org/until-async 212ms (cache miss)
624 silly packumentCache full:https://registry.npmjs.org/until-async set size:undefined disposed:false
625 silly fetch manifest is-in-ssh@^1.0.0
626 silly packumentCache full:https://registry.npmjs.org/is-in-ssh cache-miss
627 http fetch GET 200 https://registry.npmjs.org/data-uri-to-buffer 206ms (cache miss)
628 silly packumentCache full:https://registry.npmjs.org/data-uri-to-buffer set size:undefined disposed:false
629 silly fetch manifest is-inside-container@^1.0.0
630 silly packumentCache full:https://registry.npmjs.org/is-inside-container cache-miss
631 http fetch GET 200 https://registry.npmjs.org/formdata-polyfill 197ms (cache miss)
632 silly packumentCache full:https://registry.npmjs.org/formdata-polyfill set size:undefined disposed:false
633 silly fetch manifest powershell-utils@^0.1.0
634 silly packumentCache full:https://registry.npmjs.org/powershell-utils cache-miss
635 http fetch GET 200 https://registry.npmjs.org/fetch-blob 212ms (cache miss)
636 silly packumentCache full:https://registry.npmjs.org/fetch-blob set size:undefined disposed:false
637 silly fetch manifest wsl-utils@^0.3.0
638 silly packumentCache full:https://registry.npmjs.org/wsl-utils cache-miss
639 http fetch GET 200 https://registry.npmjs.org/define-lazy-prop 162ms (cache miss)
640 silly packumentCache full:https://registry.npmjs.org/define-lazy-prop set size:undefined disposed:false
641 silly fetch manifest chalk@^5.3.0
642 silly packumentCache full:https://registry.npmjs.org/chalk cache-miss
643 http fetch GET 200 https://registry.npmjs.org/default-browser 172ms (cache miss)
644 silly packumentCache full:https://registry.npmjs.org/default-browser set size:undefined disposed:false
645 silly fetch manifest cli-cursor@^5.0.0
646 silly packumentCache full:https://registry.npmjs.org/cli-cursor cache-miss
647 http fetch GET 200 https://registry.npmjs.org/yargs 263ms (cache miss)
648 silly packumentCache full:https://registry.npmjs.org/yargs set size:undefined disposed:false
649 silly fetch manifest strip-ansi@^7.1.0
650 silly packumentCache full:https://registry.npmjs.org/strip-ansi cache-miss
651 http fetch GET 200 https://registry.npmjs.org/type-fest 288ms (cache miss)
652 silly packumentCache full:https://registry.npmjs.org/type-fest set size:undefined disposed:false
653 silly fetch manifest log-symbols@^6.0.0
654 silly packumentCache full:https://registry.npmjs.org/log-symbols cache-miss
655 http fetch GET 200 https://registry.npmjs.org/strict-event-emitter 490ms (cache miss)
656 silly packumentCache full:https://registry.npmjs.org/strict-event-emitter set size:undefined disposed:false
657 silly fetch manifest cli-spinners@^2.9.2
658 silly packumentCache full:https://registry.npmjs.org/cli-spinners cache-miss
659 http fetch GET 200 https://registry.npmjs.org/is-inside-container 195ms (cache miss)
660 silly packumentCache full:https://registry.npmjs.org/is-inside-container set size:undefined disposed:false
661 silly fetch manifest string-width@^7.2.0
662 silly packumentCache full:https://registry.npmjs.org/string-width cache-miss
663 http fetch GET 200 https://registry.npmjs.org/cli-cursor 175ms (cache miss)
664 silly packumentCache full:https://registry.npmjs.org/cli-cursor set size:undefined disposed:false
665 silly fetch manifest is-interactive@^2.0.0
666 silly packumentCache full:https://registry.npmjs.org/is-interactive cache-miss
667 http fetch GET 200 https://registry.npmjs.org/chalk 186ms (cache miss)
668 silly packumentCache full:https://registry.npmjs.org/chalk set size:undefined disposed:false
669 silly fetch manifest stdin-discarder@^0.2.2
670 silly packumentCache full:https://registry.npmjs.org/stdin-discarder cache-miss
671 http fetch GET 200 https://registry.npmjs.org/wsl-utils 189ms (cache miss)
672 silly packumentCache full:https://registry.npmjs.org/wsl-utils set size:undefined disposed:false
673 silly fetch manifest is-unicode-supported@^2.0.0
674 silly packumentCache full:https://registry.npmjs.org/is-unicode-supported cache-miss
675 http fetch GET 200 https://registry.npmjs.org/log-symbols 156ms (cache miss)
676 silly packumentCache full:https://registry.npmjs.org/log-symbols set size:undefined disposed:false
677 silly fetch manifest nanoid@^3.3.11
678 silly packumentCache full:https://registry.npmjs.org/nanoid cache-miss
679 http fetch GET 200 https://registry.npmjs.org/strip-ansi 164ms (cache miss)
680 silly packumentCache full:https://registry.npmjs.org/strip-ansi set size:undefined disposed:false
681 silly fetch manifest source-map-js@^1.2.1
682 silly packumentCache full:https://registry.npmjs.org/source-map-js cache-miss
683 http fetch GET 200 https://registry.npmjs.org/cli-spinners 161ms (cache miss)
684 silly packumentCache full:https://registry.npmjs.org/cli-spinners set size:undefined disposed:false
685 silly fetch manifest cssesc@^3.0.0
686 silly packumentCache full:https://registry.npmjs.org/cssesc cache-miss
687 http fetch GET 200 https://registry.npmjs.org/is-in-ssh 278ms (cache miss)
688 silly packumentCache full:https://registry.npmjs.org/is-in-ssh set size:undefined disposed:false
689 silly fetch manifest util-deprecate@^1.0.2
690 silly packumentCache full:https://registry.npmjs.org/util-deprecate cache-miss
691 http fetch GET 200 https://registry.npmjs.org/stdin-discarder 166ms (cache miss)
692 silly packumentCache full:https://registry.npmjs.org/stdin-discarder set size:undefined disposed:false
693 silly fetch manifest kleur@^3.0.3
694 silly packumentCache full:https://registry.npmjs.org/kleur cache-miss
695 http fetch GET 200 https://registry.npmjs.org/is-unicode-supported 166ms (cache miss)
696 silly packumentCache full:https://registry.npmjs.org/is-unicode-supported set size:undefined disposed:false
697 silly fetch manifest sisteransi@^1.0.5
698 silly packumentCache full:https://registry.npmjs.org/sisteransi cache-miss
699 http fetch GET 200 https://registry.npmjs.org/powershell-utils 360ms (cache miss)
700 silly packumentCache full:https://registry.npmjs.org/powershell-utils set size:undefined disposed:false
701 silly fetch manifest ast-types@^0.16.1
702 silly packumentCache full:https://registry.npmjs.org/ast-types cache-miss
703 http cache https://registry.npmjs.org/kleur 4ms (cache hit)
704 silly packumentCache full:https://registry.npmjs.org/kleur set size:61853 disposed:false
705 silly fetch manifest esprima@~4.0.0
706 silly packumentCache full:https://registry.npmjs.org/esprima cache-miss
707 http fetch GET 200 https://registry.npmjs.org/is-interactive 175ms (cache miss)
708 silly packumentCache full:https://registry.npmjs.org/is-interactive set size:undefined disposed:false
709 silly fetch manifest source-map@~0.6.1
710 silly packumentCache full:https://registry.npmjs.org/source-map cache-miss
711 http fetch GET 200 https://registry.npmjs.org/source-map-js 163ms (cache miss)
712 silly packumentCache full:https://registry.npmjs.org/source-map-js set size:undefined disposed:false
713 silly fetch manifest tiny-invariant@^1.3.3
714 silly packumentCache full:https://registry.npmjs.org/tiny-invariant cache-miss
715 http fetch GET 200 https://registry.npmjs.org/string-width 186ms (cache miss)
716 silly packumentCache full:https://registry.npmjs.org/string-width set size:undefined disposed:false
717 silly fetch manifest tslib@^2.0.1
718 silly packumentCache full:https://registry.npmjs.org/tslib cache-miss
719 http fetch GET 200 https://registry.npmjs.org/nanoid 182ms (cache miss)
720 silly packumentCache full:https://registry.npmjs.org/nanoid set size:undefined disposed:false
721 silly fetch manifest is-obj@^3.0.0
722 silly packumentCache full:https://registry.npmjs.org/is-obj cache-miss
723 http fetch GET 200 https://registry.npmjs.org/cssesc 162ms (cache miss)
724 silly packumentCache full:https://registry.npmjs.org/cssesc set size:undefined disposed:false
725 silly fetch manifest is-regexp@^3.1.0
726 silly packumentCache full:https://registry.npmjs.org/is-regexp cache-miss
727 http fetch GET 200 https://registry.npmjs.org/util-deprecate 267ms (cache miss)
728 silly packumentCache full:https://registry.npmjs.org/util-deprecate set size:undefined disposed:false
729 silly fetch manifest get-own-enumerable-keys@^1.0.0
730 silly packumentCache full:https://registry.npmjs.org/get-own-enumerable-keys cache-miss
731 http fetch GET 200 https://registry.npmjs.org/sisteransi 182ms (cache miss)
732 silly packumentCache full:https://registry.npmjs.org/sisteransi set size:undefined disposed:false
733 silly fetch manifest @ts-morph/common@~0.27.0
734 silly packumentCache full:https://registry.npmjs.org/@ts-morph%2fcommon cache-miss
735 http fetch GET 200 https://registry.npmjs.org/source-map 178ms (cache miss)
736 silly packumentCache full:https://registry.npmjs.org/source-map set size:undefined disposed:false
737 silly fetch manifest code-block-writer@^13.0.3
738 silly packumentCache full:https://registry.npmjs.org/code-block-writer cache-miss
739 http fetch GET 200 https://registry.npmjs.org/ast-types 189ms (cache miss)
740 silly packumentCache full:https://registry.npmjs.org/ast-types set size:undefined disposed:false
741 silly fetch manifest json5@^2.2.2
742 silly packumentCache full:https://registry.npmjs.org/json5 cache-miss
743 http cache https://registry.npmjs.org/json5 2ms (cache hit)
744 silly packumentCache full:https://registry.npmjs.org/json5 set size:86136 disposed:false
745 silly fetch manifest minimist@^1.2.6
746 silly packumentCache full:https://registry.npmjs.org/minimist cache-miss
747 http fetch GET 200 https://registry.npmjs.org/esprima 191ms (cache miss)
748 silly packumentCache full:https://registry.npmjs.org/esprima set size:undefined disposed:false
749 silly fetch manifest strip-bom@^3.0.0
750 silly packumentCache full:https://registry.npmjs.org/strip-bom cache-miss
751 http fetch GET 200 https://registry.npmjs.org/is-regexp 166ms (cache miss)
752 silly packumentCache full:https://registry.npmjs.org/is-regexp set size:undefined disposed:false
753 http fetch GET 200 https://registry.npmjs.org/is-obj 167ms (cache miss)
754 silly packumentCache full:https://registry.npmjs.org/is-obj set size:undefined disposed:false
755 http fetch GET 200 https://registry.npmjs.org/tiny-invariant 184ms (cache miss)
756 silly packumentCache full:https://registry.npmjs.org/tiny-invariant set size:undefined disposed:false
757 http fetch GET 200 https://registry.npmjs.org/tslib 185ms (cache miss)
758 silly packumentCache full:https://registry.npmjs.org/tslib set size:undefined disposed:false
759 http fetch GET 200 https://registry.npmjs.org/get-own-enumerable-keys 142ms (cache miss)
760 silly packumentCache full:https://registry.npmjs.org/get-own-enumerable-keys set size:undefined disposed:false
761 http fetch GET 200 https://registry.npmjs.org/minimist 172ms (cache miss)
762 silly packumentCache full:https://registry.npmjs.org/minimist set size:undefined disposed:false
763 http fetch GET 200 https://registry.npmjs.org/code-block-writer 183ms (cache miss)
764 silly packumentCache full:https://registry.npmjs.org/code-block-writer set size:undefined disposed:false
765 http fetch GET 200 https://registry.npmjs.org/strip-bom 176ms (cache miss)
766 silly packumentCache full:https://registry.npmjs.org/strip-bom set size:undefined disposed:false
767 http fetch GET 200 https://registry.npmjs.org/@ts-morph%2fcommon 196ms (cache miss)
768 silly packumentCache full:https://registry.npmjs.org/@ts-morph%2fcommon set size:undefined disposed:false
769 silly placeDep ROOT ansis@4.2.0 OK for: @antfu/ni@25.0.0 want: ^4.0.0
770 silly placeDep ROOT fzf@0.5.2 OK for: @antfu/ni@25.0.0 want: ^0.5.2
771 silly placeDep ROOT package-manager-detector@1.6.0 OK for: @antfu/ni@25.0.0 want: ^1.3.0
772 silly placeDep ROOT tinyexec@1.0.2 OK for: @antfu/ni@25.0.0 want: ^1.0.1
773 silly fetch manifest @babel/core@^7.0.0
774 silly packumentCache full:https://registry.npmjs.org/@babel%2fcore cache-miss
775 http cache https://registry.npmjs.org/@babel%2fcore 2ms (cache hit)
776 silly packumentCache full:https://registry.npmjs.org/@babel%2fcore set size:745002 disposed:false
777 silly placeDep ROOT @babel/code-frame@7.28.6 OK for: @babel/core@7.28.6 want: ^7.28.6
778 silly placeDep ROOT @babel/generator@7.28.6 OK for: @babel/core@7.28.6 want: ^7.28.6
779 silly placeDep ROOT @babel/helper-compilation-targets@7.28.6 OK for: @babel/core@7.28.6 want: ^7.28.6
780 silly placeDep ROOT @babel/helper-module-transforms@7.28.6 OK for: @babel/core@7.28.6 want: ^7.28.6
781 silly placeDep ROOT @babel/helpers@7.28.6 OK for: @babel/core@7.28.6 want: ^7.28.6
782 silly placeDep ROOT @babel/template@7.28.6 OK for: @babel/core@7.28.6 want: ^7.28.6
783 silly placeDep ROOT @babel/traverse@7.28.6 OK for: @babel/core@7.28.6 want: ^7.28.6
784 silly placeDep ROOT @babel/types@7.28.6 OK for: @babel/core@7.28.6 want: ^7.28.6
785 silly placeDep ROOT @jridgewell/remapping@2.3.5 OK for: @babel/core@7.28.6 want: ^2.3.5
786 silly placeDep ROOT convert-source-map@2.0.0 OK for: @babel/core@7.28.6 want: ^2.0.0
787 silly placeDep ROOT debug@4.4.3 OK for: @babel/core@7.28.6 want: ^4.1.0
788 silly placeDep ROOT gensync@1.0.0-beta.2 OK for: @babel/core@7.28.6 want: ^1.0.0-beta.2
789 silly placeDep ROOT json5@2.2.3 OK for: @babel/core@7.28.6 want: ^2.2.3
790 silly placeDep ROOT semver@6.3.1 OK for: @babel/core@7.28.6 want: ^6.3.1
791 silly fetch manifest @babel/helper-validator-identifier@^7.28.5
792 silly packumentCache full:https://registry.npmjs.org/@babel%2fhelper-validator-identifier cache-miss
793 silly fetch manifest js-tokens@^4.0.0
794 silly packumentCache full:https://registry.npmjs.org/js-tokens cache-miss
795 silly fetch manifest @jridgewell/gen-mapping@^0.3.12
796 silly packumentCache full:https://registry.npmjs.org/@jridgewell%2fgen-mapping cache-miss
797 silly fetch manifest @jridgewell/trace-mapping@^0.3.28
798 silly packumentCache full:https://registry.npmjs.org/@jridgewell%2ftrace-mapping cache-miss
799 silly fetch manifest jsesc@^3.0.2
800 silly packumentCache full:https://registry.npmjs.org/jsesc cache-miss
801 silly fetch manifest @babel/compat-data@^7.28.6
802 silly packumentCache full:https://registry.npmjs.org/@babel%2fcompat-data cache-miss
803 silly fetch manifest lru-cache@^5.1.1
804 silly packumentCache full:https://registry.npmjs.org/lru-cache cache-miss
805 silly fetch manifest @babel/helper-module-imports@^7.28.6
806 silly packumentCache full:https://registry.npmjs.org/@babel%2fhelper-module-imports cache-miss
807 silly fetch manifest @babel/helper-validator-identifier@^7.28.5
808 silly packumentCache full:https://registry.npmjs.org/@babel%2fhelper-validator-identifier cache-miss
809 http fetch GET 200 https://registry.npmjs.org/@babel%2fhelper-validator-identifier 179ms (cache miss)
810 silly packumentCache full:https://registry.npmjs.org/@babel%2fhelper-validator-identifier set size:undefined disposed:false
811 silly fetch manifest @babel/helper-globals@^7.28.0
812 silly packumentCache full:https://registry.npmjs.org/@babel%2fhelper-globals cache-miss
813 http fetch GET 200 https://registry.npmjs.org/js-tokens 186ms (cache miss)
814 silly packumentCache full:https://registry.npmjs.org/js-tokens set size:undefined disposed:false
815 silly fetch manifest debug@^4.3.1
816 silly packumentCache full:https://registry.npmjs.org/debug cache-hit
817 silly fetch manifest @babel/helper-string-parser@^7.27.1
818 silly packumentCache full:https://registry.npmjs.org/@babel%2fhelper-string-parser cache-miss
819 http fetch GET 200 https://registry.npmjs.org/jsesc 188ms (cache miss)
820 silly packumentCache full:https://registry.npmjs.org/jsesc set size:undefined disposed:false
821 silly fetch manifest @jridgewell/gen-mapping@^0.3.5
822 silly packumentCache full:https://registry.npmjs.org/@jridgewell%2fgen-mapping cache-miss
823 http fetch GET 200 https://registry.npmjs.org/lru-cache 193ms (cache miss)
824 silly packumentCache full:https://registry.npmjs.org/lru-cache set size:undefined disposed:false
825 silly fetch manifest @jridgewell/trace-mapping@^0.3.24
826 silly packumentCache full:https://registry.npmjs.org/@jridgewell%2ftrace-mapping cache-miss
827 http fetch GET 200 https://registry.npmjs.org/@babel%2fhelper-validator-identifier 199ms (cache miss)
828 silly packumentCache full:https://registry.npmjs.org/@babel%2fhelper-validator-identifier set size:undefined disposed:false
829 silly fetch manifest ms@^2.1.3
830 silly packumentCache full:https://registry.npmjs.org/ms cache-miss
831 http fetch GET 200 https://registry.npmjs.org/@babel%2fhelper-module-imports 201ms (cache miss)
832 silly packumentCache full:https://registry.npmjs.org/@babel%2fhelper-module-imports set size:undefined disposed:false
833 http fetch GET 200 https://registry.npmjs.org/@jridgewell%2fgen-mapping 202ms (cache miss)
834 silly packumentCache full:https://registry.npmjs.org/@jridgewell%2fgen-mapping set size:undefined disposed:false
835 http fetch GET 200 https://registry.npmjs.org/@babel%2fcompat-data 210ms (cache miss)
836 silly packumentCache full:https://registry.npmjs.org/@babel%2fcompat-data set size:undefined disposed:false
837 http fetch GET 200 https://registry.npmjs.org/@jridgewell%2ftrace-mapping 211ms (cache miss)
838 silly packumentCache full:https://registry.npmjs.org/@jridgewell%2ftrace-mapping set size:undefined disposed:false
839 http fetch GET 200 https://registry.npmjs.org/@babel%2fhelper-globals 172ms (cache miss)
840 silly packumentCache full:https://registry.npmjs.org/@babel%2fhelper-globals set size:undefined disposed:false
841 http fetch GET 200 https://registry.npmjs.org/@babel%2fhelper-string-parser 165ms (cache miss)
842 silly packumentCache full:https://registry.npmjs.org/@babel%2fhelper-string-parser set size:undefined disposed:false
843 http fetch GET 200 https://registry.npmjs.org/@jridgewell%2fgen-mapping 169ms (cache miss)
844 silly packumentCache full:https://registry.npmjs.org/@jridgewell%2fgen-mapping set size:undefined disposed:false
845 http fetch GET 200 https://registry.npmjs.org/ms 160ms (cache miss)
846 silly packumentCache full:https://registry.npmjs.org/ms set size:undefined disposed:false
847 http fetch GET 200 https://registry.npmjs.org/@jridgewell%2ftrace-mapping 171ms (cache miss)
848 silly packumentCache full:https://registry.npmjs.org/@jridgewell%2ftrace-mapping set size:undefined disposed:false
849 silly placeDep ROOT @babel/helper-validator-identifier@7.28.5 OK for: @babel/code-frame@7.28.6 want: ^7.28.5
850 silly placeDep ROOT js-tokens@4.0.0 OK for: @babel/code-frame@7.28.6 want: ^4.0.0
851 silly placeDep ROOT picocolors@1.1.1 OK for: @babel/code-frame@7.28.6 want: ^1.1.1
852 silly placeDep ROOT @jridgewell/gen-mapping@0.3.13 OK for: @babel/generator@7.28.6 want: ^0.3.12
853 silly placeDep ROOT @jridgewell/trace-mapping@0.3.31 OK for: @babel/generator@7.28.6 want: ^0.3.28
854 silly placeDep ROOT jsesc@3.1.0 OK for: @babel/generator@7.28.6 want: ^3.0.2
855 silly fetch manifest @jridgewell/sourcemap-codec@^1.5.0
856 silly packumentCache full:https://registry.npmjs.org/@jridgewell%2fsourcemap-codec cache-miss
857 silly fetch manifest @jridgewell/resolve-uri@^3.1.0
858 silly packumentCache full:https://registry.npmjs.org/@jridgewell%2fresolve-uri cache-miss
859 silly fetch manifest @jridgewell/sourcemap-codec@^1.4.14
860 silly packumentCache full:https://registry.npmjs.org/@jridgewell%2fsourcemap-codec cache-miss
861 http fetch GET 200 https://registry.npmjs.org/@jridgewell%2fsourcemap-codec 175ms (cache miss)
862 silly packumentCache full:https://registry.npmjs.org/@jridgewell%2fsourcemap-codec set size:undefined disposed:false
863 http fetch GET 200 https://registry.npmjs.org/@jridgewell%2fsourcemap-codec 181ms (cache miss)
864 silly packumentCache full:https://registry.npmjs.org/@jridgewell%2fsourcemap-codec set size:undefined disposed:false
865 http fetch GET 200 https://registry.npmjs.org/@jridgewell%2fresolve-uri 182ms (cache miss)
866 silly packumentCache full:https://registry.npmjs.org/@jridgewell%2fresolve-uri set size:undefined disposed:false
867 silly placeDep ROOT @babel/compat-data@7.28.6 OK for: @babel/helper-compilation-targets@7.28.6 want: ^7.28.6
868 silly placeDep ROOT @babel/helper-validator-option@7.27.1 OK for: @babel/helper-compilation-targets@7.28.6 want: ^7.27.1
869 silly placeDep ROOT lru-cache@5.1.1 OK for: @babel/helper-compilation-targets@7.28.6 want: ^5.1.1
870 silly fetch manifest yallist@^3.0.2
871 silly packumentCache full:https://registry.npmjs.org/yallist cache-miss
872 http fetch GET 200 https://registry.npmjs.org/yallist 155ms (cache miss)
873 silly packumentCache full:https://registry.npmjs.org/yallist set size:undefined disposed:false
874 silly placeDep ROOT @babel/helper-module-imports@7.28.6 OK for: @babel/helper-module-transforms@7.28.6 want: ^7.28.6
875 silly fetch manifest @babel/core@^7.0.0-0
876 silly packumentCache full:https://registry.npmjs.org/@babel%2fcore cache-hit
877 silly placeDep ROOT @babel/helper-annotate-as-pure@7.27.3 OK for: @babel/plugin-transform-typescript@7.28.6 want: ^7.27.3
878 silly placeDep ROOT @babel/helper-create-class-features-plugin@7.28.6 OK for: @babel/plugin-transform-typescript@7.28.6 want: ^7.28.6
879 silly placeDep ROOT @babel/helper-plugin-utils@7.28.6 OK for: @babel/plugin-transform-typescript@7.28.6 want: ^7.28.6
880 silly placeDep ROOT @babel/helper-skip-transparent-expression-wrappers@7.27.1 OK for: @babel/plugin-transform-typescript@7.28.6 want: ^7.27.1
881 silly placeDep ROOT @babel/plugin-syntax-typescript@7.28.6 OK for: @babel/plugin-transform-typescript@7.28.6 want: ^7.28.6
882 silly fetch manifest @babel/helper-member-expression-to-functions@^7.28.5
883 silly packumentCache full:https://registry.npmjs.org/@babel%2fhelper-member-expression-to-functions cache-miss
884 silly fetch manifest @babel/helper-optimise-call-expression@^7.27.1
885 silly packumentCache full:https://registry.npmjs.org/@babel%2fhelper-optimise-call-expression cache-miss
886 silly fetch manifest @babel/helper-replace-supers@^7.28.6
887 silly packumentCache full:https://registry.npmjs.org/@babel%2fhelper-replace-supers cache-miss
888 http fetch GET 200 https://registry.npmjs.org/@babel%2fhelper-optimise-call-expression 167ms (cache miss)
889 silly packumentCache full:https://registry.npmjs.org/@babel%2fhelper-optimise-call-expression set size:undefined disposed:false
890 http fetch GET 200 https://registry.npmjs.org/@babel%2fhelper-replace-supers 231ms (cache miss)
891 silly packumentCache full:https://registry.npmjs.org/@babel%2fhelper-replace-supers set size:undefined disposed:false
892 http fetch GET 200 https://registry.npmjs.org/@babel%2fhelper-member-expression-to-functions 233ms (cache miss)
893 silly packumentCache full:https://registry.npmjs.org/@babel%2fhelper-member-expression-to-functions set size:undefined disposed:false
894 silly placeDep ROOT @babel/helper-member-expression-to-functions@7.28.5 OK for: @babel/helper-create-class-features-plugin@7.28.6 want: ^7.28.5
895 silly placeDep ROOT @babel/helper-optimise-call-expression@7.27.1 OK for: @babel/helper-create-class-features-plugin@7.28.6 want: ^7.27.1
896 silly placeDep ROOT @babel/helper-replace-supers@7.28.6 OK for: @babel/helper-create-class-features-plugin@7.28.6 want: ^7.28.6
897 silly placeDep ROOT @babel/plugin-syntax-jsx@7.28.6 OK for: @babel/preset-typescript@7.28.5 want: ^7.27.1
898 silly placeDep ROOT @babel/plugin-transform-modules-commonjs@7.28.6 OK for: @babel/preset-typescript@7.28.5 want: ^7.27.1
899 silly placeDep ROOT @babel/helper-globals@7.28.0 OK for: @babel/traverse@7.28.6 want: ^7.28.0
900 silly placeDep ROOT @babel/helper-string-parser@7.27.1 OK for: @babel/types@7.28.6 want: ^7.27.1
901 silly placeDep node_modules/@dotenvx/dotenvx commander@11.1.0 OK for: @dotenvx/dotenvx@1.51.4 want: ^11.1.0
902 silly placeDep ROOT dotenv@17.2.3 OK for: @dotenvx/dotenvx@1.51.4 want: ^17.2.1
903 silly placeDep ROOT eciesjs@0.4.16 OK for: @dotenvx/dotenvx@1.51.4 want: ^0.4.10
904 silly placeDep node_modules/@dotenvx/dotenvx execa@5.1.1 OK for: @dotenvx/dotenvx@1.51.4 want: ^5.1.1
905 silly placeDep ROOT fdir@6.5.0 OK for: @dotenvx/dotenvx@1.51.4 want: ^6.2.0
906 silly placeDep ROOT ignore@5.3.2 OK for: @dotenvx/dotenvx@1.51.4 want: ^5.3.0
907 silly placeDep ROOT object-treeify@1.1.33 OK for: @dotenvx/dotenvx@1.51.4 want: 1.1.33
908 silly placeDep ROOT picomatch@4.0.3 OK for: @dotenvx/dotenvx@1.51.4 want: ^4.0.2
909 silly placeDep ROOT which@4.0.0 OK for: @dotenvx/dotenvx@1.51.4 want: ^4.0.0
910 silly fetch manifest @ecies/ciphers@^0.2.4
911 silly packumentCache full:https://registry.npmjs.org/@ecies%2fciphers cache-miss
912 silly fetch manifest @noble/ciphers@^1.3.0
913 silly packumentCache full:https://registry.npmjs.org/@noble%2fciphers cache-miss
914 silly fetch manifest @noble/curves@^1.9.7
915 silly packumentCache full:https://registry.npmjs.org/@noble%2fcurves cache-miss
916 silly fetch manifest @noble/hashes@^1.8.0
917 silly packumentCache full:https://registry.npmjs.org/@noble%2fhashes cache-miss
918 silly fetch manifest onetime@^5.1.2
919 silly packumentCache full:https://registry.npmjs.org/onetime cache-miss
920 silly fetch manifest is-stream@^2.0.0
921 silly packumentCache full:https://registry.npmjs.org/is-stream cache-miss
922 silly fetch manifest get-stream@^6.0.0
923 silly packumentCache full:https://registry.npmjs.org/get-stream cache-miss
924 silly fetch manifest cross-spawn@^7.0.3
925 silly packumentCache full:https://registry.npmjs.org/cross-spawn cache-hit
926 silly fetch manifest signal-exit@^3.0.3
927 silly packumentCache full:https://registry.npmjs.org/signal-exit cache-miss
928 silly fetch manifest merge-stream@^2.0.0
929 silly packumentCache full:https://registry.npmjs.org/merge-stream cache-miss
930 http cache https://registry.npmjs.org/signal-exit 13ms (cache hit)
931 silly packumentCache full:https://registry.npmjs.org/signal-exit set size:53489 disposed:false
932 silly fetch manifest npm-run-path@^4.0.1
933 silly packumentCache full:https://registry.npmjs.org/npm-run-path cache-miss
934 http cache https://registry.npmjs.org/is-stream 14ms (cache hit)
935 silly packumentCache full:https://registry.npmjs.org/is-stream set size:18582 disposed:false
936 silly fetch manifest human-signals@^2.1.0
937 silly packumentCache full:https://registry.npmjs.org/human-signals cache-miss
938 http cache https://registry.npmjs.org/get-stream 15ms (cache hit)
939 silly packumentCache full:https://registry.npmjs.org/get-stream set size:57536 disposed:false
940 silly fetch manifest strip-final-newline@^2.0.0
941 silly packumentCache full:https://registry.npmjs.org/strip-final-newline cache-miss
942 http cache https://registry.npmjs.org/human-signals 1ms (cache hit)
943 silly packumentCache full:https://registry.npmjs.org/human-signals set size:47322 disposed:false
944 silly fetch manifest isexe@^3.1.1
945 silly packumentCache full:https://registry.npmjs.org/isexe cache-miss
946 http cache https://registry.npmjs.org/strip-final-newline 2ms (cache hit)
947 silly packumentCache full:https://registry.npmjs.org/strip-final-newline set size:9328 disposed:false
948 http cache https://registry.npmjs.org/npm-run-path 3ms (cache hit)
949 silly packumentCache full:https://registry.npmjs.org/npm-run-path set size:33596 disposed:false
950 http fetch GET 200 https://registry.npmjs.org/merge-stream 230ms (cache miss)
951 silly packumentCache full:https://registry.npmjs.org/merge-stream set size:undefined disposed:false
952 http fetch GET 200 https://registry.npmjs.org/isexe 213ms (cache miss)
953 silly packumentCache full:https://registry.npmjs.org/isexe set size:undefined disposed:false
954 http fetch GET 200 https://registry.npmjs.org/onetime 231ms (cache miss)
955 silly packumentCache full:https://registry.npmjs.org/onetime set size:undefined disposed:false
956 http fetch GET 200 https://registry.npmjs.org/@noble%2fciphers 232ms (cache miss)
957 silly packumentCache full:https://registry.npmjs.org/@noble%2fciphers set size:undefined disposed:false
958 http fetch GET 200 https://registry.npmjs.org/@ecies%2fciphers 298ms (cache miss)
959 silly packumentCache full:https://registry.npmjs.org/@ecies%2fciphers set size:undefined disposed:false
960 http fetch GET 200 https://registry.npmjs.org/@noble%2fcurves 329ms (cache miss)
961 silly packumentCache full:https://registry.npmjs.org/@noble%2fcurves set size:undefined disposed:false
962 http fetch GET 200 https://registry.npmjs.org/@noble%2fhashes 426ms (cache miss)
963 silly packumentCache full:https://registry.npmjs.org/@noble%2fhashes set size:undefined disposed:false
964 silly placeDep ROOT @jridgewell/sourcemap-codec@1.5.5 OK for: @jridgewell/gen-mapping@0.3.13 want: ^1.5.0
965 silly placeDep ROOT @jridgewell/resolve-uri@3.1.2 OK for: @jridgewell/trace-mapping@0.3.31 want: ^3.1.0
966 silly fetch manifest hono@^4
967 silly packumentCache full:https://registry.npmjs.org/hono cache-miss
968 http fetch GET 200 https://registry.npmjs.org/hono 236ms (cache miss)
969 silly packumentCache full:https://registry.npmjs.org/hono set size:undefined disposed:false
970 silly placeDep ROOT @hono/node-server@1.19.9 OK for: @modelcontextprotocol/sdk@1.25.3 want: ^1.19.9
971 silly placeDep ROOT hono@4.11.4 OK for: @hono/node-server@1.19.9 want: ^4
972 silly placeDep ROOT ajv@8.17.1 OK for: @modelcontextprotocol/sdk@1.25.3 want: ^8.17.1
973 silly placeDep ROOT ajv-formats@3.0.1 OK for: @modelcontextprotocol/sdk@1.25.3 want: ^3.0.1
974 silly placeDep ROOT content-type@1.0.5 OK for: @modelcontextprotocol/sdk@1.25.3 want: ^1.0.5
975 silly placeDep ROOT cors@2.8.5 OK for: @modelcontextprotocol/sdk@1.25.3 want: ^2.8.5
976 silly placeDep ROOT cross-spawn@7.0.6 OK for: @modelcontextprotocol/sdk@1.25.3 want: ^7.0.5
977 silly placeDep ROOT eventsource@3.0.7 OK for: @modelcontextprotocol/sdk@1.25.3 want: ^3.0.2
978 silly placeDep ROOT eventsource-parser@3.0.6 OK for: @modelcontextprotocol/sdk@1.25.3 want: ^3.0.0
979 silly placeDep ROOT express@5.2.1 OK for: @modelcontextprotocol/sdk@1.25.3 want: ^5.0.1
980 silly placeDep ROOT express-rate-limit@7.5.1 OK for: @modelcontextprotocol/sdk@1.25.3 want: ^7.5.0
981 silly placeDep ROOT jose@6.1.3 OK for: @modelcontextprotocol/sdk@1.25.3 want: ^6.1.1
982 silly placeDep ROOT json-schema-typed@8.0.2 OK for: @modelcontextprotocol/sdk@1.25.3 want: ^8.0.2
983 silly placeDep ROOT pkce-challenge@5.0.1 OK for: @modelcontextprotocol/sdk@1.25.3 want: ^5.0.0
984 silly placeDep ROOT raw-body@3.0.2 OK for: @modelcontextprotocol/sdk@1.25.3 want: ^3.0.0
985 silly fetch manifest fast-uri@^3.0.1
986 silly packumentCache full:https://registry.npmjs.org/fast-uri cache-miss
987 silly fetch manifest fast-deep-equal@^3.1.3
988 silly packumentCache full:https://registry.npmjs.org/fast-deep-equal cache-miss
989 silly fetch manifest require-from-string@^2.0.2
990 silly packumentCache full:https://registry.npmjs.org/require-from-string cache-miss
991 silly fetch manifest json-schema-traverse@^1.0.0
992 silly packumentCache full:https://registry.npmjs.org/json-schema-traverse cache-miss
993 silly fetch manifest vary@^1
994 silly packumentCache full:https://registry.npmjs.org/vary cache-miss
995 silly fetch manifest object-assign@^4
996 silly packumentCache full:https://registry.npmjs.org/object-assign cache-miss
997 silly fetch manifest which@^2.0.1
998 silly packumentCache full:https://registry.npmjs.org/which cache-miss
999 silly fetch manifest path-key@^3.1.0
1000 silly packumentCache full:https://registry.npmjs.org/path-key cache-miss
1001 silly fetch manifest shebang-command@^2.0.0
1002 silly packumentCache full:https://registry.npmjs.org/shebang-command cache-miss
1003 http cache https://registry.npmjs.org/which 22ms (cache hit)
1004 silly packumentCache full:https://registry.npmjs.org/which set size:65264 disposed:false
1005 silly fetch manifest eventsource-parser@^3.0.1
1006 silly packumentCache full:https://registry.npmjs.org/eventsource-parser cache-miss
1007 http cache https://registry.npmjs.org/eventsource-parser 2ms (cache hit)
1008 silly packumentCache full:https://registry.npmjs.org/eventsource-parser set size:66053 disposed:false
1009 silly fetch manifest qs@^6.14.0
1010 silly packumentCache full:https://registry.npmjs.org/qs cache-miss
1011 http fetch GET 200 https://registry.npmjs.org/vary 199ms (cache miss)
1012 silly packumentCache full:https://registry.npmjs.org/vary set size:undefined disposed:false
1013 silly fetch manifest depd@^2.0.0
1014 silly packumentCache full:https://registry.npmjs.org/depd cache-miss
1015 http fetch GET 200 https://registry.npmjs.org/require-from-string 200ms (cache miss)
1016 silly packumentCache full:https://registry.npmjs.org/require-from-string set size:undefined disposed:false
1017 silly fetch manifest etag@^1.8.1
1018 silly packumentCache full:https://registry.npmjs.org/etag cache-miss
1019 http fetch GET 200 https://registry.npmjs.org/path-key 204ms (cache miss)
1020 silly packumentCache full:https://registry.npmjs.org/path-key set size:undefined disposed:false
1021 silly fetch manifest once@^1.4.0
1022 silly packumentCache full:https://registry.npmjs.org/once cache-miss
1023 http fetch GET 200 https://registry.npmjs.org/json-schema-traverse 205ms (cache miss)
1024 silly packumentCache full:https://registry.npmjs.org/json-schema-traverse set size:undefined disposed:false
1025 silly fetch manifest send@^1.1.0
1026 silly packumentCache full:https://registry.npmjs.org/send cache-miss
1027 http fetch GET 200 https://registry.npmjs.org/object-assign 205ms (cache miss)
1028 silly packumentCache full:https://registry.npmjs.org/object-assign set size:undefined disposed:false
1029 silly fetch manifest vary@^1.1.2
1030 silly packumentCache full:https://registry.npmjs.org/vary cache-miss
1031 http cache https://registry.npmjs.org/vary 1ms (cache hit)
1032 silly packumentCache full:https://registry.npmjs.org/vary set size:16018 disposed:false
1033 silly fetch manifest fresh@^2.0.0
1034 silly packumentCache full:https://registry.npmjs.org/fresh cache-miss
1035 http fetch GET 200 https://registry.npmjs.org/fast-uri 209ms (cache miss)
1036 silly packumentCache full:https://registry.npmjs.org/fast-uri set size:undefined disposed:false
1037 silly fetch manifest cookie@^0.7.1
1038 silly packumentCache full:https://registry.npmjs.org/cookie cache-miss
1039 http fetch GET 200 https://registry.npmjs.org/fast-deep-equal 209ms (cache miss)
1040 silly packumentCache full:https://registry.npmjs.org/fast-deep-equal set size:undefined disposed:false
1041 silly fetch manifest router@^2.2.0
1042 silly packumentCache full:https://registry.npmjs.org/router cache-miss
1043 http cache https://registry.npmjs.org/cookie 3ms (cache hit)
1044 silly packumentCache full:https://registry.npmjs.org/cookie set size:72891 disposed:false
1045 silly fetch manifest accepts@^2.0.0
1046 silly packumentCache full:https://registry.npmjs.org/accepts cache-miss
1047 http fetch GET 200 https://registry.npmjs.org/qs 189ms (cache miss)
1048 silly packumentCache full:https://registry.npmjs.org/qs set size:undefined disposed:false
1049 silly fetch manifest type-is@^2.0.1
1050 silly packumentCache full:https://registry.npmjs.org/type-is cache-miss
1051 http fetch GET 200 https://registry.npmjs.org/shebang-command 221ms (cache miss)
1052 silly packumentCache full:https://registry.npmjs.org/shebang-command set size:undefined disposed:false
1053 silly fetch manifest parseurl@^1.3.3
1054 silly packumentCache full:https://registry.npmjs.org/parseurl cache-miss
1055 http fetch GET 200 https://registry.npmjs.org/depd 164ms (cache miss)
1056 silly packumentCache full:https://registry.npmjs.org/depd set size:undefined disposed:false
1057 silly fetch manifest statuses@^2.0.1
1058 silly packumentCache full:https://registry.npmjs.org/statuses cache-miss
1059 http cache https://registry.npmjs.org/statuses 1ms (cache hit)
1060 silly packumentCache full:https://registry.npmjs.org/statuses set size:37117 disposed:false
1061 silly fetch manifest encodeurl@^2.0.0
1062 silly packumentCache full:https://registry.npmjs.org/encodeurl cache-miss
1063 http fetch GET 200 https://registry.npmjs.org/etag 171ms (cache miss)
1064 silly packumentCache full:https://registry.npmjs.org/etag set size:undefined disposed:false
1065 silly fetch manifest mime-types@^3.0.0
1066 silly packumentCache full:https://registry.npmjs.org/mime-types cache-miss
1067 http fetch GET 200 https://registry.npmjs.org/fresh 166ms (cache miss)
1068 silly packumentCache full:https://registry.npmjs.org/fresh set size:undefined disposed:false
1069 silly fetch manifest proxy-addr@^2.0.7
1070 silly packumentCache full:https://registry.npmjs.org/proxy-addr cache-miss
1071 http fetch GET 200 https://registry.npmjs.org/once 170ms (cache miss)
1072 silly packumentCache full:https://registry.npmjs.org/once set size:undefined disposed:false
1073 silly fetch manifest body-parser@^2.2.1
1074 silly packumentCache full:https://registry.npmjs.org/body-parser cache-miss
1075 http fetch GET 200 https://registry.npmjs.org/send 175ms (cache miss)
1076 silly packumentCache full:https://registry.npmjs.org/send set size:undefined disposed:false
1077 silly fetch manifest escape-html@^1.0.3
1078 silly packumentCache full:https://registry.npmjs.org/escape-html cache-miss
1079 http fetch GET 200 https://registry.npmjs.org/accepts 177ms (cache miss)
1080 silly packumentCache full:https://registry.npmjs.org/accepts set size:undefined disposed:false
1081 silly fetch manifest http-errors@^2.0.0
1082 silly packumentCache full:https://registry.npmjs.org/http-errors cache-miss
1083 http fetch GET 200 https://registry.npmjs.org/type-is 173ms (cache miss)
1084 silly packumentCache full:https://registry.npmjs.org/type-is set size:undefined disposed:false
1085 silly fetch manifest on-finished@^2.4.1
1086 silly packumentCache full:https://registry.npmjs.org/on-finished cache-miss
1087 http fetch GET 200 https://registry.npmjs.org/parseurl 173ms (cache miss)
1088 silly packumentCache full:https://registry.npmjs.org/parseurl set size:undefined disposed:false
1089 silly fetch manifest finalhandler@^2.1.0
1090 silly packumentCache full:https://registry.npmjs.org/finalhandler cache-miss
1091 http fetch GET 200 https://registry.npmjs.org/router 188ms (cache miss)
1092 silly packumentCache full:https://registry.npmjs.org/router set size:undefined disposed:false
1093 silly fetch manifest range-parser@^1.2.1
1094 silly packumentCache full:https://registry.npmjs.org/range-parser cache-miss
1095 http fetch GET 200 https://registry.npmjs.org/escape-html 205ms (cache miss)
1096 silly packumentCache full:https://registry.npmjs.org/escape-html set size:undefined disposed:false
1097 silly fetch manifest serve-static@^2.2.0
1098 silly packumentCache full:https://registry.npmjs.org/serve-static cache-miss
1099 http fetch GET 200 https://registry.npmjs.org/encodeurl 220ms (cache miss)
1100 silly packumentCache full:https://registry.npmjs.org/encodeurl set size:undefined disposed:false
1101 silly fetch manifest cookie-signature@^1.2.1
1102 silly packumentCache full:https://registry.npmjs.org/cookie-signature cache-miss
1103 http fetch GET 200 https://registry.npmjs.org/range-parser 189ms (cache miss)
1104 silly packumentCache full:https://registry.npmjs.org/range-parser set size:undefined disposed:false
1105 silly fetch manifest merge-descriptors@^2.0.0
1106 silly packumentCache full:https://registry.npmjs.org/merge-descriptors cache-miss
1107 http fetch GET 200 https://registry.npmjs.org/on-finished 196ms (cache miss)
1108 silly packumentCache full:https://registry.npmjs.org/on-finished set size:undefined disposed:false
1109 silly fetch manifest content-disposition@^1.0.0
1110 silly packumentCache full:https://registry.npmjs.org/content-disposition cache-miss
1111 http fetch GET 200 https://registry.npmjs.org/finalhandler 192ms (cache miss)
1112 silly packumentCache full:https://registry.npmjs.org/finalhandler set size:undefined disposed:false
1113 silly fetch manifest bytes@~3.1.2
1114 silly packumentCache full:https://registry.npmjs.org/bytes cache-miss
1115 http fetch GET 200 https://registry.npmjs.org/proxy-addr 214ms (cache miss)
1116 silly packumentCache full:https://registry.npmjs.org/proxy-addr set size:undefined disposed:false
1117 silly fetch manifest unpipe@~1.0.0
1118 silly packumentCache full:https://registry.npmjs.org/unpipe cache-miss
1119 http fetch GET 200 https://registry.npmjs.org/http-errors 199ms (cache miss)
1120 silly packumentCache full:https://registry.npmjs.org/http-errors set size:undefined disposed:false
1121 silly fetch manifest iconv-lite@~0.7.0
1122 silly packumentCache full:https://registry.npmjs.org/iconv-lite cache-miss
1123 http fetch GET 200 https://registry.npmjs.org/mime-types 217ms (cache miss)
1124 silly packumentCache full:https://registry.npmjs.org/mime-types set size:undefined disposed:false
1125 silly fetch manifest http-errors@~2.0.1
1126 silly packumentCache full:https://registry.npmjs.org/http-errors cache-miss
1127 http fetch GET 200 https://registry.npmjs.org/body-parser 216ms (cache miss)
1128 silly packumentCache full:https://registry.npmjs.org/body-parser set size:undefined disposed:false
1129 http cache https://registry.npmjs.org/http-errors 3ms (cache hit)
1130 silly packumentCache full:https://registry.npmjs.org/http-errors set size:71987 disposed:false
1131 http fetch GET 200 https://registry.npmjs.org/serve-static 166ms (cache miss)
1132 silly packumentCache full:https://registry.npmjs.org/serve-static set size:undefined disposed:false
1133 http fetch GET 200 https://registry.npmjs.org/cookie-signature 172ms (cache miss)
1134 silly packumentCache full:https://registry.npmjs.org/cookie-signature set size:undefined disposed:false
1135 http fetch GET 200 https://registry.npmjs.org/merge-descriptors 172ms (cache miss)
1136 silly packumentCache full:https://registry.npmjs.org/merge-descriptors set size:undefined disposed:false
1137 http fetch GET 200 https://registry.npmjs.org/content-disposition 177ms (cache miss)
1138 silly packumentCache full:https://registry.npmjs.org/content-disposition set size:undefined disposed:false
1139 http fetch GET 200 https://registry.npmjs.org/bytes 176ms (cache miss)
1140 silly packumentCache full:https://registry.npmjs.org/bytes set size:undefined disposed:false
1141 http fetch GET 200 https://registry.npmjs.org/iconv-lite 183ms (cache miss)
1142 silly packumentCache full:https://registry.npmjs.org/iconv-lite set size:undefined disposed:false
1143 http fetch GET 200 https://registry.npmjs.org/unpipe 185ms (cache miss)
1144 silly packumentCache full:https://registry.npmjs.org/unpipe set size:undefined disposed:false
1145 silly placeDep ROOT fast-deep-equal@3.1.3 OK for: ajv@8.17.1 want: ^3.1.3
1146 silly placeDep ROOT fast-uri@3.1.0 OK for: ajv@8.17.1 want: ^3.0.1
1147 silly placeDep ROOT json-schema-traverse@1.0.0 OK for: ajv@8.17.1 want: ^1.0.0
1148 silly placeDep ROOT require-from-string@2.0.2 OK for: ajv@8.17.1 want: ^2.0.2
1149 silly fetch manifest browserslist@>= 4.21.0
1150 silly packumentCache full:https://registry.npmjs.org/browserslist cache-miss
1151 http cache https://registry.npmjs.org/browserslist 2ms (cache hit)
1152 silly packumentCache full:https://registry.npmjs.org/browserslist set size:502989 disposed:false
1153 silly placeDep ROOT baseline-browser-mapping@2.9.16 OK for: browserslist@4.28.1 want: ^2.9.0
1154 silly placeDep ROOT caniuse-lite@1.0.30001765 OK for: browserslist@4.28.1 want: ^1.0.30001759
1155 silly placeDep ROOT electron-to-chromium@1.5.267 OK for: browserslist@4.28.1 want: ^1.5.263
1156 silly placeDep ROOT node-releases@2.0.27 OK for: browserslist@4.28.1 want: ^2.0.27
1157 silly placeDep ROOT update-browserslist-db@1.2.3 OK for: browserslist@4.28.1 want: ^1.2.0
1158 silly fetch manifest escalade@^3.2.0
1159 silly packumentCache full:https://registry.npmjs.org/escalade cache-miss
1160 http fetch GET 200 https://registry.npmjs.org/escalade 162ms (cache miss)
1161 silly packumentCache full:https://registry.npmjs.org/escalade set size:undefined disposed:false
1162 silly placeDep ROOT object-assign@4.1.1 OK for: cors@2.8.5 want: ^4
1163 silly placeDep ROOT vary@1.1.2 OK for: cors@2.8.5 want: ^1
1164 silly placeDep ROOT env-paths@2.2.1 OK for: cosmiconfig@9.0.0 want: ^2.2.1
1165 silly placeDep ROOT import-fresh@3.3.1 OK for: cosmiconfig@9.0.0 want: ^3.3.0
1166 silly placeDep ROOT js-yaml@4.1.1 OK for: cosmiconfig@9.0.0 want: ^4.1.0
1167 silly placeDep ROOT parse-json@5.2.0 OK for: cosmiconfig@9.0.0 want: ^5.2.0
1168 silly fetch manifest parent-module@^1.0.0
1169 silly packumentCache full:https://registry.npmjs.org/parent-module cache-miss
1170 silly fetch manifest resolve-from@^4.0.0
1171 silly packumentCache full:https://registry.npmjs.org/resolve-from cache-miss
1172 silly fetch manifest argparse@^2.0.1
1173 silly packumentCache full:https://registry.npmjs.org/argparse cache-miss
1174 silly fetch manifest error-ex@^1.3.1
1175 silly packumentCache full:https://registry.npmjs.org/error-ex cache-miss
1176 silly fetch manifest lines-and-columns@^1.1.6
1177 silly packumentCache full:https://registry.npmjs.org/lines-and-columns cache-miss
1178 silly fetch manifest json-parse-even-better-errors@^2.3.0
1179 silly packumentCache full:https://registry.npmjs.org/json-parse-even-better-errors cache-miss
1180 http fetch GET 200 https://registry.npmjs.org/error-ex 162ms (cache miss)
1181 silly packumentCache full:https://registry.npmjs.org/error-ex set size:undefined disposed:false
1182 http fetch GET 200 https://registry.npmjs.org/parent-module 162ms (cache miss)
1183 silly packumentCache full:https://registry.npmjs.org/parent-module set size:undefined disposed:false
1184 http fetch GET 200 https://registry.npmjs.org/resolve-from 163ms (cache miss)
1185 silly packumentCache full:https://registry.npmjs.org/resolve-from set size:undefined disposed:false
1186 http fetch GET 200 https://registry.npmjs.org/argparse 164ms (cache miss)
1187 silly packumentCache full:https://registry.npmjs.org/argparse set size:undefined disposed:false
1188 http fetch GET 200 https://registry.npmjs.org/json-parse-even-better-errors 165ms (cache miss)
1189 silly packumentCache full:https://registry.npmjs.org/json-parse-even-better-errors set size:undefined disposed:false
1190 http fetch GET 200 https://registry.npmjs.org/lines-and-columns 175ms (cache miss)
1191 silly packumentCache full:https://registry.npmjs.org/lines-and-columns set size:undefined disposed:false
1192 silly placeDep ROOT path-key@3.1.1 OK for: cross-spawn@7.0.6 want: ^3.1.0
1193 silly placeDep ROOT shebang-command@2.0.0 OK for: cross-spawn@7.0.6 want: ^2.0.0
1194 silly placeDep node_modules/cross-spawn which@2.0.2 OK for: cross-spawn@7.0.6 want: ^2.0.1
1195 silly fetch manifest shebang-regex@^3.0.0
1196 silly packumentCache full:https://registry.npmjs.org/shebang-regex cache-miss
1197 silly fetch manifest isexe@^2.0.0
1198 silly packumentCache full:https://registry.npmjs.org/isexe cache-miss
1199 http cache https://registry.npmjs.org/isexe 1ms (cache hit)
1200 silly packumentCache full:https://registry.npmjs.org/isexe set size:19340 disposed:false
1201 http fetch GET 200 https://registry.npmjs.org/shebang-regex 173ms (cache miss)
1202 silly packumentCache full:https://registry.npmjs.org/shebang-regex set size:undefined disposed:false
1203 silly placeDep ROOT ms@2.1.3 OK for: debug@4.4.3 want: ^2.1.3
1204 silly placeDep ROOT @ecies/ciphers@0.2.5 OK for: eciesjs@0.4.16 want: ^0.2.4
1205 silly placeDep ROOT @noble/ciphers@1.3.0 OK for: @ecies/ciphers@0.2.5 want: ^1.0.0
1206 silly placeDep ROOT @noble/curves@1.9.7 OK for: eciesjs@0.4.16 want: ^1.9.7
1207 silly placeDep ROOT @noble/hashes@1.8.0 OK for: eciesjs@0.4.16 want: ^1.8.0
1208 silly fetch manifest @noble/hashes@1.8.0
1209 silly packumentCache full:https://registry.npmjs.org/@noble%2fhashes cache-miss
1210 http cache https://registry.npmjs.org/@noble%2fhashes 2ms (cache hit)
1211 silly packumentCache full:https://registry.npmjs.org/@noble%2fhashes set size:214622 disposed:false
1212 silly placeDep ROOT @sindresorhus/merge-streams@4.0.0 OK for: execa@9.6.1 want: ^4.0.0
1213 silly placeDep ROOT figures@6.1.0 OK for: execa@9.6.1 want: ^6.1.0
1214 silly placeDep ROOT get-stream@9.0.1 OK for: execa@9.6.1 want: ^9.0.0
1215 silly placeDep ROOT human-signals@8.0.1 OK for: execa@9.6.1 want: ^8.0.1
1216 silly placeDep ROOT is-plain-obj@4.1.0 OK for: execa@9.6.1 want: ^4.1.0
1217 silly placeDep ROOT is-stream@4.0.1 OK for: execa@9.6.1 want: ^4.0.1
1218 silly placeDep ROOT npm-run-path@6.0.0 OK for: execa@9.6.1 want: ^6.0.0
1219 silly placeDep ROOT pretty-ms@9.3.0 OK for: execa@9.6.1 want: ^9.2.0
1220 silly placeDep ROOT signal-exit@4.1.0 OK for: execa@9.6.1 want: ^4.1.0
1221 silly placeDep ROOT strip-final-newline@4.0.0 OK for: execa@9.6.1 want: ^4.0.0
1222 silly placeDep ROOT yoctocolors@2.1.2 OK for: execa@9.6.1 want: ^2.1.1
1223 silly fetch manifest @sec-ant/readable-stream@^0.4.1
1224 silly packumentCache full:https://registry.npmjs.org/@sec-ant%2freadable-stream cache-miss
1225 silly fetch manifest path-key@^4.0.0
1226 silly packumentCache full:https://registry.npmjs.org/path-key cache-miss
1227 silly fetch manifest unicorn-magic@^0.3.0
1228 silly packumentCache full:https://registry.npmjs.org/unicorn-magic cache-miss
1229 silly fetch manifest parse-ms@^4.0.0
1230 silly packumentCache full:https://registry.npmjs.org/parse-ms cache-miss
1231 http cache https://registry.npmjs.org/path-key 5ms (cache hit)
1232 silly packumentCache full:https://registry.npmjs.org/path-key set size:16975 disposed:false
1233 http fetch GET 200 https://registry.npmjs.org/unicorn-magic 154ms (cache miss)
1234 silly packumentCache full:https://registry.npmjs.org/unicorn-magic set size:undefined disposed:false
1235 http fetch GET 200 https://registry.npmjs.org/parse-ms 159ms (cache miss)
1236 silly packumentCache full:https://registry.npmjs.org/parse-ms set size:undefined disposed:false
1237 http fetch GET 200 https://registry.npmjs.org/@sec-ant%2freadable-stream 172ms (cache miss)
1238 silly packumentCache full:https://registry.npmjs.org/@sec-ant%2freadable-stream set size:undefined disposed:false
1239 silly placeDep ROOT accepts@2.0.0 OK for: express@5.2.1 want: ^2.0.0
1240 silly placeDep ROOT body-parser@2.2.2 OK for: express@5.2.1 want: ^2.2.1
1241 silly placeDep ROOT content-disposition@1.0.1 OK for: express@5.2.1 want: ^1.0.0
1242 silly placeDep ROOT cookie@0.7.2 OK for: express@5.2.1 want: ^0.7.1
1243 silly placeDep ROOT cookie-signature@1.2.2 OK for: express@5.2.1 want: ^1.2.1
1244 silly placeDep ROOT depd@2.0.0 OK for: express@5.2.1 want: ^2.0.0
1245 silly placeDep ROOT encodeurl@2.0.0 OK for: express@5.2.1 want: ^2.0.0
1246 silly placeDep ROOT escape-html@1.0.3 OK for: express@5.2.1 want: ^1.0.3
1247 silly placeDep ROOT etag@1.8.1 OK for: express@5.2.1 want: ^1.8.1
1248 silly placeDep ROOT finalhandler@2.1.1 OK for: express@5.2.1 want: ^2.1.0
1249 silly placeDep ROOT fresh@2.0.0 OK for: express@5.2.1 want: ^2.0.0
1250 silly placeDep ROOT http-errors@2.0.1 OK for: express@5.2.1 want: ^2.0.0
1251 silly placeDep ROOT merge-descriptors@2.0.0 OK for: express@5.2.1 want: ^2.0.0
1252 silly placeDep ROOT mime-types@3.0.2 OK for: express@5.2.1 want: ^3.0.0
1253 silly placeDep ROOT on-finished@2.4.1 OK for: express@5.2.1 want: ^2.4.1
1254 silly placeDep ROOT once@1.4.0 OK for: express@5.2.1 want: ^1.4.0
1255 silly placeDep ROOT parseurl@1.3.3 OK for: express@5.2.1 want: ^1.3.3
1256 silly placeDep ROOT proxy-addr@2.0.7 OK for: express@5.2.1 want: ^2.0.7
1257 silly placeDep ROOT qs@6.14.1 OK for: express@5.2.1 want: ^6.14.0
1258 silly placeDep ROOT range-parser@1.2.1 OK for: express@5.2.1 want: ^1.2.1
1259 silly placeDep ROOT router@2.2.0 OK for: express@5.2.1 want: ^2.2.0
1260 silly placeDep ROOT send@1.2.1 OK for: express@5.2.1 want: ^1.1.0
1261 silly placeDep ROOT serve-static@2.2.1 OK for: express@5.2.1 want: ^2.2.0
1262 silly placeDep ROOT statuses@2.0.2 OK for: express@5.2.1 want: ^2.0.1
1263 silly placeDep ROOT type-is@2.0.1 OK for: express@5.2.1 want: ^2.0.1
1264 silly fetch manifest negotiator@^1.0.0
1265 silly packumentCache full:https://registry.npmjs.org/negotiator cache-miss
1266 silly fetch manifest bytes@^3.1.2
1267 silly packumentCache full:https://registry.npmjs.org/bytes cache-miss
1268 silly fetch manifest iconv-lite@^0.7.0
1269 silly packumentCache full:https://registry.npmjs.org/iconv-lite cache-miss
1270 silly fetch manifest qs@^6.14.1
1271 silly packumentCache full:https://registry.npmjs.org/qs cache-miss
1272 silly fetch manifest inherits@~2.0.4
1273 silly packumentCache full:https://registry.npmjs.org/inherits cache-miss
1274 silly fetch manifest setprototypeof@~1.2.0
1275 silly packumentCache full:https://registry.npmjs.org/setprototypeof cache-miss
1276 silly fetch manifest statuses@~2.0.2
1277 silly packumentCache full:https://registry.npmjs.org/statuses cache-hit
1278 silly fetch manifest toidentifier@~1.0.1
1279 silly packumentCache full:https://registry.npmjs.org/toidentifier cache-miss
1280 silly fetch manifest mime-db@^1.54.0
1281 silly packumentCache full:https://registry.npmjs.org/mime-db cache-miss
1282 silly fetch manifest ee-first@1.1.1
1283 silly packumentCache full:https://registry.npmjs.org/ee-first cache-miss
1284 http cache https://registry.npmjs.org/iconv-lite 6ms (cache hit)
1285 silly packumentCache full:https://registry.npmjs.org/iconv-lite set size:120557 disposed:false
1286 silly fetch manifest wrappy@1
1287 silly packumentCache full:https://registry.npmjs.org/wrappy cache-miss
1288 http cache https://registry.npmjs.org/bytes 7ms (cache hit)
1289 silly packumentCache full:https://registry.npmjs.org/bytes set size:37018 disposed:false
1290 silly fetch manifest forwarded@0.2.0
1291 silly packumentCache full:https://registry.npmjs.org/forwarded cache-miss
1292 http cache https://registry.npmjs.org/qs 8ms (cache hit)
1293 silly packumentCache full:https://registry.npmjs.org/qs set size:268000 disposed:false
1294 silly fetch manifest ipaddr.js@1.9.1
1295 silly packumentCache full:https://registry.npmjs.org/ipaddr.js cache-miss
1296 http fetch GET 200 https://registry.npmjs.org/inherits 159ms (cache miss)
1297 silly packumentCache full:https://registry.npmjs.org/inherits set size:undefined disposed:false
1298 silly fetch manifest side-channel@^1.1.0
1299 silly packumentCache full:https://registry.npmjs.org/side-channel cache-miss
1300 http fetch GET 200 https://registry.npmjs.org/wrappy 163ms (cache miss)
1301 silly packumentCache full:https://registry.npmjs.org/wrappy set size:undefined disposed:false
1302 silly fetch manifest is-promise@^4.0.0
1303 silly packumentCache full:https://registry.npmjs.org/is-promise cache-miss
1304 http fetch GET 200 https://registry.npmjs.org/toidentifier 170ms (cache miss)
1305 silly packumentCache full:https://registry.npmjs.org/toidentifier set size:undefined disposed:false
1306 silly fetch manifest path-to-regexp@^8.0.0
1307 silly packumentCache full:https://registry.npmjs.org/path-to-regexp cache-miss
1308 http fetch GET 200 https://registry.npmjs.org/ee-first 173ms (cache miss)
1309 silly packumentCache full:https://registry.npmjs.org/ee-first set size:undefined disposed:false
1310 silly fetch manifest media-typer@^1.1.0
1311 silly packumentCache full:https://registry.npmjs.org/media-typer cache-miss
1312 http cache https://registry.npmjs.org/path-to-regexp 4ms (cache hit)
1313 silly packumentCache full:https://registry.npmjs.org/path-to-regexp set size:207142 disposed:false
1314 http fetch GET 200 https://registry.npmjs.org/ipaddr.js 173ms (cache miss)
1315 silly packumentCache full:https://registry.npmjs.org/ipaddr.js set size:undefined disposed:false
1316 http fetch GET 200 https://registry.npmjs.org/setprototypeof 183ms (cache miss)
1317 silly packumentCache full:https://registry.npmjs.org/setprototypeof set size:undefined disposed:false
1318 http fetch GET 200 https://registry.npmjs.org/forwarded 176ms (cache miss)
1319 silly packumentCache full:https://registry.npmjs.org/forwarded set size:undefined disposed:false
1320 http fetch GET 200 https://registry.npmjs.org/negotiator 184ms (cache miss)
1321 silly packumentCache full:https://registry.npmjs.org/negotiator set size:undefined disposed:false
1322 http fetch GET 200 https://registry.npmjs.org/mime-db 188ms (cache miss)
1323 silly packumentCache full:https://registry.npmjs.org/mime-db set size:undefined disposed:false
1324 http fetch GET 200 https://registry.npmjs.org/side-channel 147ms (cache miss)
1325 silly packumentCache full:https://registry.npmjs.org/side-channel set size:undefined disposed:false
1326 http fetch GET 200 https://registry.npmjs.org/is-promise 160ms (cache miss)
1327 silly packumentCache full:https://registry.npmjs.org/is-promise set size:undefined disposed:false
1328 http fetch GET 200 https://registry.npmjs.org/media-typer 157ms (cache miss)
1329 silly packumentCache full:https://registry.npmjs.org/media-typer set size:undefined disposed:false
1330 silly placeDep ROOT negotiator@1.0.0 OK for: accepts@2.0.0 want: ^1.0.0
1331 silly placeDep ROOT bytes@3.1.2 OK for: body-parser@2.2.2 want: ^3.1.2
1332 silly placeDep ROOT iconv-lite@0.7.2 OK for: body-parser@2.2.2 want: ^0.7.0
1333 silly fetch manifest safer-buffer@>= 2.1.2 < 3.0.0
1334 silly packumentCache full:https://registry.npmjs.org/safer-buffer cache-miss
1335 http fetch GET 200 https://registry.npmjs.org/safer-buffer 174ms (cache miss)
1336 silly packumentCache full:https://registry.npmjs.org/safer-buffer set size:undefined disposed:false
1337 silly placeDep ROOT @nodelib/fs.stat@2.0.5 OK for: fast-glob@3.3.3 want: ^2.0.2
1338 silly placeDep ROOT @nodelib/fs.walk@1.2.8 OK for: fast-glob@3.3.3 want: ^1.2.3
1339 silly placeDep ROOT glob-parent@5.1.2 OK for: fast-glob@3.3.3 want: ^5.1.2
1340 silly placeDep ROOT merge2@1.4.1 OK for: fast-glob@3.3.3 want: ^1.3.0
1341 silly placeDep ROOT micromatch@4.0.8 OK for: fast-glob@3.3.3 want: ^4.0.8
1342 silly fetch manifest fastq@^1.6.0
1343 silly packumentCache full:https://registry.npmjs.org/fastq cache-miss
1344 silly fetch manifest @nodelib/fs.scandir@2.1.5
1345 silly packumentCache full:https://registry.npmjs.org/@nodelib%2ffs.scandir cache-miss
1346 silly fetch manifest is-glob@^4.0.1
1347 silly packumentCache full:https://registry.npmjs.org/is-glob cache-miss
1348 silly fetch manifest braces@^3.0.3
1349 silly packumentCache full:https://registry.npmjs.org/braces cache-miss
1350 silly fetch manifest picomatch@^2.3.1
1351 silly packumentCache full:https://registry.npmjs.org/picomatch cache-miss
1352 http cache https://registry.npmjs.org/picomatch 3ms (cache hit)
1353 silly packumentCache full:https://registry.npmjs.org/picomatch set size:118818 disposed:false
1354 http fetch GET 200 https://registry.npmjs.org/is-glob 174ms (cache miss)
1355 silly packumentCache full:https://registry.npmjs.org/is-glob set size:undefined disposed:false
1356 http fetch GET 200 https://registry.npmjs.org/fastq 175ms (cache miss)
1357 silly packumentCache full:https://registry.npmjs.org/fastq set size:undefined disposed:false
1358 http fetch GET 200 https://registry.npmjs.org/@nodelib%2ffs.scandir 176ms (cache miss)
1359 silly packumentCache full:https://registry.npmjs.org/@nodelib%2ffs.scandir set size:undefined disposed:false
1360 http fetch GET 200 https://registry.npmjs.org/braces 179ms (cache miss)
1361 silly packumentCache full:https://registry.npmjs.org/braces set size:undefined disposed:false
1362 silly placeDep ROOT @nodelib/fs.scandir@2.1.5 OK for: @nodelib/fs.walk@1.2.8 want: 2.1.5
1363 silly placeDep ROOT fastq@1.20.1 OK for: @nodelib/fs.walk@1.2.8 want: ^1.6.0
1364 silly fetch manifest run-parallel@^1.1.9
1365 silly packumentCache full:https://registry.npmjs.org/run-parallel cache-miss
1366 silly fetch manifest reusify@^1.0.4
1367 silly packumentCache full:https://registry.npmjs.org/reusify cache-miss
1368 http fetch GET 200 https://registry.npmjs.org/reusify 155ms (cache miss)
1369 silly packumentCache full:https://registry.npmjs.org/reusify set size:undefined disposed:false
1370 http fetch GET 200 https://registry.npmjs.org/run-parallel 158ms (cache miss)
1371 silly packumentCache full:https://registry.npmjs.org/run-parallel set size:undefined disposed:false
1372 silly placeDep ROOT run-parallel@1.2.0 OK for: @nodelib/fs.scandir@2.1.5 want: ^1.1.9
1373 silly fetch manifest queue-microtask@^1.2.2
1374 silly packumentCache full:https://registry.npmjs.org/queue-microtask cache-miss
1375 http fetch GET 200 https://registry.npmjs.org/queue-microtask 339ms (cache miss)
1376 silly packumentCache full:https://registry.npmjs.org/queue-microtask set size:undefined disposed:false
1377 silly placeDep ROOT reusify@1.1.0 OK for: fastq@1.20.1 want: ^1.0.4
1378 silly placeDep ROOT is-unicode-supported@2.1.0 OK for: figures@6.1.0 want: ^2.0.0
1379 silly placeDep ROOT graceful-fs@4.2.11 OK for: fs-extra@11.3.3 want: ^4.2.0
1380 silly placeDep ROOT jsonfile@6.2.0 OK for: fs-extra@11.3.3 want: ^6.0.1
1381 silly placeDep ROOT universalify@2.0.1 OK for: fs-extra@11.3.3 want: ^2.0.0
1382 silly placeDep ROOT @sec-ant/readable-stream@0.4.1 OK for: get-stream@9.0.1 want: ^0.4.1
1383 silly placeDep ROOT is-glob@4.0.3 OK for: glob-parent@5.1.2 want: ^4.0.1
1384 silly fetch manifest is-extglob@^2.1.1
1385 silly packumentCache full:https://registry.npmjs.org/is-extglob cache-miss
1386 http fetch GET 200 https://registry.npmjs.org/is-extglob 153ms (cache miss)
1387 silly packumentCache full:https://registry.npmjs.org/is-extglob set size:undefined disposed:false
1388 silly placeDep ROOT inherits@2.0.4 OK for: http-errors@2.0.1 want: ~2.0.4
1389 silly placeDep ROOT setprototypeof@1.2.0 OK for: http-errors@2.0.1 want: ~1.2.0
1390 silly placeDep ROOT toidentifier@1.0.1 OK for: http-errors@2.0.1 want: ~1.0.1
1391 silly placeDep ROOT agent-base@7.1.4 OK for: https-proxy-agent@7.0.6 want: ^7.1.2
1392 silly placeDep ROOT safer-buffer@2.1.2 OK for: iconv-lite@0.7.2 want: >= 2.1.2 < 3.0.0
1393 silly placeDep ROOT parent-module@1.0.1 OK for: import-fresh@3.3.1 want: ^1.0.0
1394 silly placeDep ROOT resolve-from@4.0.0 OK for: import-fresh@3.3.1 want: ^4.0.0
1395 silly fetch manifest callsites@^3.0.0
1396 silly packumentCache full:https://registry.npmjs.org/callsites cache-miss
1397 http fetch GET 200 https://registry.npmjs.org/callsites 158ms (cache miss)
1398 silly packumentCache full:https://registry.npmjs.org/callsites set size:undefined disposed:false
1399 silly placeDep ROOT is-extglob@2.1.1 OK for: is-glob@4.0.3 want: ^2.1.1
1400 silly placeDep ROOT argparse@2.0.1 OK for: js-yaml@4.1.1 want: ^2.0.1
1401 silly placeDep ROOT yallist@3.1.1 OK for: lru-cache@5.1.1 want: ^3.0.2
1402 silly placeDep ROOT braces@3.0.3 OK for: micromatch@4.0.8 want: ^3.0.3
1403 silly placeDep node_modules/micromatch picomatch@2.3.1 OK for: micromatch@4.0.8 want: ^2.3.1
1404 silly fetch manifest fill-range@^7.1.1
1405 silly packumentCache full:https://registry.npmjs.org/fill-range cache-miss
1406 http fetch GET 200 https://registry.npmjs.org/fill-range 204ms (cache miss)
1407 silly packumentCache full:https://registry.npmjs.org/fill-range set size:undefined disposed:false
1408 silly placeDep ROOT fill-range@7.1.1 OK for: braces@3.0.3 want: ^7.1.1
1409 silly fetch manifest to-regex-range@^5.0.1
1410 silly packumentCache full:https://registry.npmjs.org/to-regex-range cache-miss
1411 http fetch GET 200 https://registry.npmjs.org/to-regex-range 156ms (cache miss)
1412 silly packumentCache full:https://registry.npmjs.org/to-regex-range set size:undefined disposed:false
1413 silly placeDep ROOT to-regex-range@5.0.1 OK for: fill-range@7.1.1 want: ^5.0.1
1414 silly fetch manifest is-number@^7.0.0
1415 silly packumentCache full:https://registry.npmjs.org/is-number cache-miss
1416 http fetch GET 200 https://registry.npmjs.org/is-number 156ms (cache miss)
1417 silly packumentCache full:https://registry.npmjs.org/is-number set size:undefined disposed:false
1418 silly placeDep ROOT mime-db@1.54.0 OK for: mime-types@3.0.2 want: ^1.54.0
1419 silly fetch manifest @types/node@>=18
1420 silly packumentCache full:https://registry.npmjs.org/@types%2fnode cache-miss
1421 http fetch GET 200 https://registry.npmjs.org/@types%2fnode 443ms (cache miss)
1422 silly packumentCache full:https://registry.npmjs.org/@types%2fnode set size:undefined disposed:false
1423 silly placeDep ROOT @inquirer/confirm@5.1.21 OK for: msw@2.12.7 want: ^5.0.0
1424 silly placeDep ROOT @mswjs/interceptors@0.40.0 OK for: msw@2.12.7 want: ^0.40.0
1425 silly placeDep ROOT @open-draft/deferred-promise@2.2.0 OK for: msw@2.12.7 want: ^2.2.0
1426 silly placeDep ROOT @types/statuses@2.0.6 OK for: msw@2.12.7 want: ^2.0.6
1427 silly placeDep node_modules/msw cookie@1.1.1 OK for: msw@2.12.7 want: ^1.0.2
1428 silly placeDep ROOT graphql@16.12.0 OK for: msw@2.12.7 want: ^16.12.0
1429 silly placeDep ROOT headers-polyfill@4.0.3 OK for: msw@2.12.7 want: ^4.0.2
1430 silly placeDep ROOT is-node-process@1.2.0 OK for: msw@2.12.7 want: ^1.2.0
1431 silly placeDep ROOT outvariant@1.4.3 OK for: msw@2.12.7 want: ^1.4.3
1432 silly placeDep ROOT path-to-regexp@6.3.0 OK for: msw@2.12.7 want: ^6.3.0
1433 silly placeDep ROOT rettime@0.7.0 OK for: msw@2.12.7 want: ^0.7.0
1434 silly placeDep ROOT strict-event-emitter@0.5.1 OK for: msw@2.12.7 want: ^0.5.1
1435 silly placeDep ROOT tough-cookie@6.0.0 OK for: msw@2.12.7 want: ^6.0.0
1436 silly placeDep ROOT type-fest@5.4.1 OK for: msw@2.12.7 want: ^5.2.0
1437 silly placeDep ROOT until-async@3.0.2 OK for: msw@2.12.7 want: ^3.0.2
1438 silly placeDep ROOT yargs@17.7.2 OK for: msw@2.12.7 want: ^17.7.2
1439 silly fetch manifest @inquirer/core@^10.3.2
1440 silly packumentCache full:https://registry.npmjs.org/@inquirer%2fcore cache-miss
1441 silly fetch manifest @inquirer/type@^3.0.10
1442 silly packumentCache full:https://registry.npmjs.org/@inquirer%2ftype cache-miss
1443 silly fetch manifest @open-draft/logger@^0.3.0
1444 silly packumentCache full:https://registry.npmjs.org/@open-draft%2flogger cache-miss
1445 silly fetch manifest @open-draft/until@^2.0.0
1446 silly packumentCache full:https://registry.npmjs.org/@open-draft%2funtil cache-miss
1447 silly fetch manifest tldts@^7.0.5
1448 silly packumentCache full:https://registry.npmjs.org/tldts cache-miss
1449 silly fetch manifest tagged-tag@^1.0.0
1450 silly packumentCache full:https://registry.npmjs.org/tagged-tag cache-miss
1451 silly fetch manifest y18n@^5.0.5
1452 silly packumentCache full:https://registry.npmjs.org/y18n cache-miss
1453 silly fetch manifest cliui@^8.0.1
1454 silly packumentCache full:https://registry.npmjs.org/cliui cache-miss
1455 silly fetch manifest escalade@^3.1.1
1456 silly packumentCache full:https://registry.npmjs.org/escalade cache-miss
1457 http cache https://registry.npmjs.org/escalade 12ms (cache hit)
1458 silly packumentCache full:https://registry.npmjs.org/escalade set size:33724 disposed:false
1459 silly fetch manifest string-width@^4.2.3
1460 silly packumentCache full:https://registry.npmjs.org/string-width cache-miss
1461 http cache https://registry.npmjs.org/string-width 8ms (cache hit)
1462 silly packumentCache full:https://registry.npmjs.org/string-width set size:64158 disposed:false
1463 silly fetch manifest yargs-parser@^21.1.1
1464 silly packumentCache full:https://registry.npmjs.org/yargs-parser cache-miss
1465 http fetch GET 200 https://registry.npmjs.org/cliui 163ms (cache miss)
1466 silly packumentCache full:https://registry.npmjs.org/cliui set size:undefined disposed:false
1467 silly fetch manifest get-caller-file@^2.0.5
1468 silly packumentCache full:https://registry.npmjs.org/get-caller-file cache-miss
1469 http fetch GET 200 https://registry.npmjs.org/tagged-tag 164ms (cache miss)
1470 silly packumentCache full:https://registry.npmjs.org/tagged-tag set size:undefined disposed:false
1471 silly fetch manifest require-directory@^2.1.1
1472 silly packumentCache full:https://registry.npmjs.org/require-directory cache-miss
1473 http fetch GET 200 https://registry.npmjs.org/yargs-parser 233ms (cache miss)
1474 silly packumentCache full:https://registry.npmjs.org/yargs-parser set size:undefined disposed:false
1475 http fetch GET 200 https://registry.npmjs.org/y18n 262ms (cache miss)
1476 silly packumentCache full:https://registry.npmjs.org/y18n set size:undefined disposed:false
1477 http fetch GET 200 https://registry.npmjs.org/@open-draft%2flogger 263ms (cache miss)
1478 silly packumentCache full:https://registry.npmjs.org/@open-draft%2flogger set size:undefined disposed:false
1479 http fetch GET 200 https://registry.npmjs.org/@inquirer%2ftype 265ms (cache miss)
1480 silly packumentCache full:https://registry.npmjs.org/@inquirer%2ftype set size:undefined disposed:false
1481 http fetch GET 200 https://registry.npmjs.org/@open-draft%2funtil 314ms (cache miss)
1482 silly packumentCache full:https://registry.npmjs.org/@open-draft%2funtil set size:undefined disposed:false
1483 http fetch GET 200 https://registry.npmjs.org/@inquirer%2fcore 315ms (cache miss)
1484 silly packumentCache full:https://registry.npmjs.org/@inquirer%2fcore set size:undefined disposed:false
1485 http fetch GET 200 https://registry.npmjs.org/tldts 354ms (cache miss)
1486 silly packumentCache full:https://registry.npmjs.org/tldts set size:undefined disposed:false
1487 http fetch GET 200 https://registry.npmjs.org/get-caller-file 243ms (cache miss)
1488 silly packumentCache full:https://registry.npmjs.org/get-caller-file set size:undefined disposed:false
1489 http fetch GET 200 https://registry.npmjs.org/require-directory 245ms (cache miss)
1490 silly packumentCache full:https://registry.npmjs.org/require-directory set size:undefined disposed:false
1491 silly placeDep ROOT @inquirer/core@10.3.2 OK for: @inquirer/confirm@5.1.21 want: ^10.3.2
1492 silly placeDep ROOT @inquirer/type@3.0.10 OK for: @inquirer/confirm@5.1.21 want: ^3.0.10
1493 silly fetch manifest cli-width@^4.1.0
1494 silly packumentCache full:https://registry.npmjs.org/cli-width cache-miss
1495 silly fetch manifest wrap-ansi@^6.2.0
1496 silly packumentCache full:https://registry.npmjs.org/wrap-ansi cache-miss
1497 silly fetch manifest mute-stream@^2.0.0
1498 silly packumentCache full:https://registry.npmjs.org/mute-stream cache-miss
1499 silly fetch manifest @inquirer/ansi@^1.0.2
1500 silly packumentCache full:https://registry.npmjs.org/@inquirer%2fansi cache-miss
1501 silly fetch manifest yoctocolors-cjs@^2.1.3
1502 silly packumentCache full:https://registry.npmjs.org/yoctocolors-cjs cache-miss
1503 silly fetch manifest @inquirer/figures@^1.0.15
1504 silly packumentCache full:https://registry.npmjs.org/@inquirer%2ffigures cache-miss
1505 http fetch GET 200 https://registry.npmjs.org/mute-stream 156ms (cache miss)
1506 silly packumentCache full:https://registry.npmjs.org/mute-stream set size:undefined disposed:false
1507 http fetch GET 200 https://registry.npmjs.org/cli-width 157ms (cache miss)
1508 silly packumentCache full:https://registry.npmjs.org/cli-width set size:undefined disposed:false
1509 http fetch GET 200 https://registry.npmjs.org/wrap-ansi 157ms (cache miss)
1510 silly packumentCache full:https://registry.npmjs.org/wrap-ansi set size:undefined disposed:false
1511 http fetch GET 200 https://registry.npmjs.org/@inquirer%2ffigures 208ms (cache miss)
1512 silly packumentCache full:https://registry.npmjs.org/@inquirer%2ffigures set size:undefined disposed:false
1513 http fetch GET 200 https://registry.npmjs.org/@inquirer%2fansi 209ms (cache miss)
1514 silly packumentCache full:https://registry.npmjs.org/@inquirer%2fansi set size:undefined disposed:false
1515 http fetch GET 200 https://registry.npmjs.org/yoctocolors-cjs 275ms (cache miss)
1516 silly packumentCache full:https://registry.npmjs.org/yoctocolors-cjs set size:undefined disposed:false
1517 silly placeDep ROOT @inquirer/ansi@1.0.2 OK for: @inquirer/core@10.3.2 want: ^1.0.2
1518 silly placeDep ROOT @inquirer/figures@1.0.15 OK for: @inquirer/core@10.3.2 want: ^1.0.15
1519 silly placeDep ROOT cli-width@4.1.0 OK for: @inquirer/core@10.3.2 want: ^4.1.0
1520 silly placeDep ROOT mute-stream@2.0.0 OK for: @inquirer/core@10.3.2 want: ^2.0.0
1521 silly placeDep ROOT wrap-ansi@6.2.0 OK for: @inquirer/core@10.3.2 want: ^6.2.0
1522 silly placeDep ROOT yoctocolors-cjs@2.1.3 OK for: @inquirer/core@10.3.2 want: ^2.1.3
1523 silly fetch manifest strip-ansi@^6.0.0
1524 silly packumentCache full:https://registry.npmjs.org/strip-ansi cache-miss
1525 silly fetch manifest ansi-styles@^4.0.0
1526 silly packumentCache full:https://registry.npmjs.org/ansi-styles cache-miss
1527 silly fetch manifest string-width@^4.1.0
1528 silly packumentCache full:https://registry.npmjs.org/string-width cache-hit
1529 http cache https://registry.npmjs.org/strip-ansi 2ms (cache hit)
1530 silly packumentCache full:https://registry.npmjs.org/strip-ansi set size:41855 disposed:false
1531 http fetch GET 200 https://registry.npmjs.org/ansi-styles 233ms (cache miss)
1532 silly packumentCache full:https://registry.npmjs.org/ansi-styles set size:undefined disposed:false
1533 silly placeDep ROOT @open-draft/logger@0.3.0 OK for: @mswjs/interceptors@0.40.0 want: ^0.3.0
1534 silly placeDep ROOT @open-draft/until@2.1.0 OK for: @mswjs/interceptors@0.40.0 want: ^2.0.0
1535 silly placeDep ROOT data-uri-to-buffer@4.0.1 OK for: node-fetch@3.3.2 want: ^4.0.0
1536 silly placeDep ROOT fetch-blob@3.2.0 OK for: node-fetch@3.3.2 want: ^3.1.4
1537 silly placeDep ROOT formdata-polyfill@4.0.10 OK for: node-fetch@3.3.2 want: ^4.0.10
1538 silly fetch manifest node-domexception@^1.0.0
1539 silly packumentCache full:https://registry.npmjs.org/node-domexception cache-miss
1540 silly fetch manifest web-streams-polyfill@^3.0.3
1541 silly packumentCache full:https://registry.npmjs.org/web-streams-polyfill cache-miss
1542 http fetch GET 200 https://registry.npmjs.org/node-domexception 159ms (cache miss)
1543 silly packumentCache full:https://registry.npmjs.org/node-domexception set size:undefined disposed:false
1544 http fetch GET 200 https://registry.npmjs.org/web-streams-polyfill 159ms (cache miss)
1545 silly packumentCache full:https://registry.npmjs.org/web-streams-polyfill set size:undefined disposed:false
1546 silly placeDep ROOT node-domexception@1.0.0 OK for: fetch-blob@3.2.0 want: ^1.0.0
1547 silly placeDep ROOT web-streams-polyfill@3.3.3 OK for: fetch-blob@3.2.0 want: ^3.0.3
1548 silly placeDep node_modules/npm-run-path path-key@4.0.0 OK for: npm-run-path@6.0.0 want: ^4.0.0
1549 silly placeDep ROOT unicorn-magic@0.3.0 OK for: npm-run-path@6.0.0 want: ^0.3.0
1550 silly placeDep ROOT ee-first@1.1.1 OK for: on-finished@2.4.1 want: 1.1.1
1551 silly placeDep ROOT wrappy@1.0.2 OK for: once@1.4.0 want: 1
1552 silly placeDep ROOT default-browser@5.4.0 OK for: open@11.0.0 want: ^5.4.0
1553 silly placeDep ROOT define-lazy-prop@3.0.0 OK for: open@11.0.0 want: ^3.0.0
1554 silly placeDep ROOT is-in-ssh@1.0.0 OK for: open@11.0.0 want: ^1.0.0
1555 silly placeDep ROOT is-inside-container@1.0.0 OK for: open@11.0.0 want: ^1.0.0
1556 silly placeDep ROOT powershell-utils@0.1.0 OK for: open@11.0.0 want: ^0.1.0
1557 silly placeDep ROOT wsl-utils@0.3.1 OK for: open@11.0.0 want: ^0.3.0
1558 silly fetch manifest bundle-name@^4.1.0
1559 silly packumentCache full:https://registry.npmjs.org/bundle-name cache-miss
1560 silly fetch manifest default-browser-id@^5.0.0
1561 silly packumentCache full:https://registry.npmjs.org/default-browser-id cache-miss
1562 silly fetch manifest is-docker@^3.0.0
1563 silly packumentCache full:https://registry.npmjs.org/is-docker cache-miss
1564 silly fetch manifest is-wsl@^3.1.0
1565 silly packumentCache full:https://registry.npmjs.org/is-wsl cache-miss
1566 http fetch GET 200 https://registry.npmjs.org/bundle-name 204ms (cache miss)
1567 silly packumentCache full:https://registry.npmjs.org/bundle-name set size:undefined disposed:false
1568 http fetch GET 200 https://registry.npmjs.org/is-wsl 205ms (cache miss)
1569 silly packumentCache full:https://registry.npmjs.org/is-wsl set size:undefined disposed:false
1570 http fetch GET 200 https://registry.npmjs.org/is-docker 206ms (cache miss)
1571 silly packumentCache full:https://registry.npmjs.org/is-docker set size:undefined disposed:false
1572 http fetch GET 200 https://registry.npmjs.org/default-browser-id 207ms (cache miss)
1573 silly packumentCache full:https://registry.npmjs.org/default-browser-id set size:undefined disposed:false
1574 silly placeDep ROOT bundle-name@4.1.0 OK for: default-browser@5.4.0 want: ^4.1.0
1575 silly placeDep ROOT default-browser-id@5.0.1 OK for: default-browser@5.4.0 want: ^5.0.0
1576 silly fetch manifest run-applescript@^7.0.0
1577 silly packumentCache full:https://registry.npmjs.org/run-applescript cache-miss
1578 http fetch GET 200 https://registry.npmjs.org/run-applescript 159ms (cache miss)
1579 silly packumentCache full:https://registry.npmjs.org/run-applescript set size:undefined disposed:false
1580 silly placeDep ROOT run-applescript@7.1.0 OK for: bundle-name@4.1.0 want: ^7.0.0
1581 silly placeDep ROOT is-docker@3.0.0 OK for: is-inside-container@1.0.0 want: ^3.0.0
1582 silly placeDep ROOT chalk@5.6.2 OK for: ora@8.2.0 want: ^5.3.0
1583 silly placeDep ROOT cli-cursor@5.0.0 OK for: ora@8.2.0 want: ^5.0.0
1584 silly placeDep ROOT cli-spinners@2.9.2 OK for: ora@8.2.0 want: ^2.9.2
1585 silly placeDep ROOT is-interactive@2.0.0 OK for: ora@8.2.0 want: ^2.0.0
1586 silly placeDep ROOT log-symbols@6.0.0 OK for: ora@8.2.0 want: ^6.0.0
1587 silly placeDep ROOT stdin-discarder@0.2.2 OK for: ora@8.2.0 want: ^0.2.2
1588 silly placeDep ROOT string-width@7.2.0 OK for: ora@8.2.0 want: ^7.2.0
1589 silly placeDep ROOT strip-ansi@7.1.2 OK for: ora@8.2.0 want: ^7.1.0
1590 silly fetch manifest restore-cursor@^5.0.0
1591 silly packumentCache full:https://registry.npmjs.org/restore-cursor cache-miss
1592 silly fetch manifest is-unicode-supported@^1.3.0
1593 silly packumentCache full:https://registry.npmjs.org/is-unicode-supported cache-miss
1594 silly fetch manifest emoji-regex@^10.3.0
1595 silly packumentCache full:https://registry.npmjs.org/emoji-regex cache-miss
1596 silly fetch manifest get-east-asian-width@^1.0.0
1597 silly packumentCache full:https://registry.npmjs.org/get-east-asian-width cache-miss
1598 silly fetch manifest ansi-regex@^6.0.1
1599 silly packumentCache full:https://registry.npmjs.org/ansi-regex cache-miss
1600 http cache https://registry.npmjs.org/is-unicode-supported 6ms (cache hit)
1601 silly packumentCache full:https://registry.npmjs.org/is-unicode-supported set size:19461 disposed:false
1602 http fetch GET 200 https://registry.npmjs.org/restore-cursor 149ms (cache miss)
1603 silly packumentCache full:https://registry.npmjs.org/restore-cursor set size:undefined disposed:false
1604 http fetch GET 200 https://registry.npmjs.org/get-east-asian-width 150ms (cache miss)
1605 silly packumentCache full:https://registry.npmjs.org/get-east-asian-width set size:undefined disposed:false
1606 http fetch GET 200 https://registry.npmjs.org/emoji-regex 158ms (cache miss)
1607 silly packumentCache full:https://registry.npmjs.org/emoji-regex set size:undefined disposed:false
1608 http fetch GET 200 https://registry.npmjs.org/ansi-regex 157ms (cache miss)
1609 silly packumentCache full:https://registry.npmjs.org/ansi-regex set size:undefined disposed:false
1610 silly placeDep ROOT restore-cursor@5.1.0 OK for: cli-cursor@5.0.0 want: ^5.0.0
1611 silly fetch manifest onetime@^7.0.0
1612 silly packumentCache full:https://registry.npmjs.org/onetime cache-miss
1613 http cache https://registry.npmjs.org/onetime 3ms (cache hit)
1614 silly packumentCache full:https://registry.npmjs.org/onetime set size:30525 disposed:false
1615 silly placeDep node_modules/log-symbols is-unicode-supported@1.3.0 OK for: log-symbols@6.0.0 want: ^1.3.0
1616 silly placeDep ROOT callsites@3.1.0 OK for: parent-module@1.0.1 want: ^3.0.0
1617 silly placeDep ROOT error-ex@1.3.4 OK for: parse-json@5.2.0 want: ^1.3.1
1618 silly placeDep ROOT json-parse-even-better-errors@2.3.1 OK for: parse-json@5.2.0 want: ^2.3.0
1619 silly placeDep ROOT lines-and-columns@1.2.4 OK for: parse-json@5.2.0 want: ^1.1.6
1620 silly fetch manifest is-arrayish@^0.2.1
1621 silly packumentCache full:https://registry.npmjs.org/is-arrayish cache-miss
1622 http fetch GET 200 https://registry.npmjs.org/is-arrayish 193ms (cache miss)
1623 silly packumentCache full:https://registry.npmjs.org/is-arrayish set size:undefined disposed:false
1624 silly placeDep ROOT is-arrayish@0.2.1 OK for: error-ex@1.3.4 want: ^0.2.1
1625 silly placeDep ROOT nanoid@3.3.11 OK for: postcss@8.5.6 want: ^3.3.11
1626 silly placeDep ROOT source-map-js@1.2.1 OK for: postcss@8.5.6 want: ^1.2.1
1627 silly placeDep ROOT cssesc@3.0.0 OK for: postcss-selector-parser@7.1.1 want: ^3.0.0
1628 silly placeDep ROOT util-deprecate@1.0.2 OK for: postcss-selector-parser@7.1.1 want: ^1.0.2
1629 silly placeDep ROOT parse-ms@4.0.0 OK for: pretty-ms@9.3.0 want: ^4.0.0
1630 silly placeDep node_modules/prompts kleur@3.0.3 OK for: prompts@2.4.2 want: ^3.0.3
1631 silly placeDep ROOT sisteransi@1.0.5 OK for: prompts@2.4.2 want: ^1.0.5
1632 silly placeDep ROOT forwarded@0.2.0 OK for: proxy-addr@2.0.7 want: 0.2.0
1633 silly placeDep ROOT ipaddr.js@1.9.1 OK for: proxy-addr@2.0.7 want: 1.9.1
1634 silly placeDep ROOT side-channel@1.1.0 OK for: qs@6.14.1 want: ^1.1.0
1635 silly fetch manifest es-errors@^1.3.0
1636 silly packumentCache full:https://registry.npmjs.org/es-errors cache-miss
1637 silly fetch manifest object-inspect@^1.13.3
1638 silly packumentCache full:https://registry.npmjs.org/object-inspect cache-miss
1639 silly fetch manifest side-channel-list@^1.0.0
1640 silly packumentCache full:https://registry.npmjs.org/side-channel-list cache-miss
1641 silly fetch manifest side-channel-map@^1.0.1
1642 silly packumentCache full:https://registry.npmjs.org/side-channel-map cache-miss
1643 silly fetch manifest side-channel-weakmap@^1.0.2
1644 silly packumentCache full:https://registry.npmjs.org/side-channel-weakmap cache-miss
1645 http fetch GET 200 https://registry.npmjs.org/side-channel-map 161ms (cache miss)
1646 silly packumentCache full:https://registry.npmjs.org/side-channel-map set size:undefined disposed:false
1647 http fetch GET 200 https://registry.npmjs.org/side-channel-weakmap 172ms (cache miss)
1648 silly packumentCache full:https://registry.npmjs.org/side-channel-weakmap set size:undefined disposed:false
1649 http fetch GET 200 https://registry.npmjs.org/es-errors 174ms (cache miss)
1650 silly packumentCache full:https://registry.npmjs.org/es-errors set size:undefined disposed:false
1651 http fetch GET 200 https://registry.npmjs.org/side-channel-list 175ms (cache miss)
1652 silly packumentCache full:https://registry.npmjs.org/side-channel-list set size:undefined disposed:false
1653 http fetch GET 200 https://registry.npmjs.org/object-inspect 175ms (cache miss)
1654 silly packumentCache full:https://registry.npmjs.org/object-inspect set size:undefined disposed:false
1655 silly placeDep ROOT unpipe@1.0.0 OK for: raw-body@3.0.2 want: ~1.0.0
1656 silly placeDep ROOT ast-types@0.16.1 OK for: recast@0.23.11 want: ^0.16.1
1657 silly placeDep ROOT esprima@4.0.1 OK for: recast@0.23.11 want: ~4.0.0
1658 silly placeDep ROOT source-map@0.6.1 OK for: recast@0.23.11 want: ~0.6.1
1659 silly placeDep ROOT tiny-invariant@1.3.3 OK for: recast@0.23.11 want: ^1.3.3
1660 silly placeDep ROOT tslib@2.8.1 OK for: recast@0.23.11 want: ^2.0.1
1661 silly placeDep ROOT onetime@7.0.0 OK for: restore-cursor@5.1.0 want: ^7.0.0
1662 silly fetch manifest mimic-function@^5.0.0
1663 silly packumentCache full:https://registry.npmjs.org/mimic-function cache-miss
1664 http fetch GET 200 https://registry.npmjs.org/mimic-function 176ms (cache miss)
1665 silly packumentCache full:https://registry.npmjs.org/mimic-function set size:undefined disposed:false
1666 silly placeDep ROOT mimic-function@5.0.1 OK for: onetime@7.0.0 want: ^5.0.0
1667 silly placeDep ROOT is-promise@4.0.0 OK for: router@2.2.0 want: ^4.0.0
1668 silly placeDep node_modules/router path-to-regexp@8.3.0 OK for: router@2.2.0 want: ^8.0.0
1669 silly placeDep ROOT queue-microtask@1.2.3 OK for: run-parallel@1.2.0 want: ^1.2.2
1670 silly placeDep ROOT shebang-regex@3.0.0 OK for: shebang-command@2.0.0 want: ^3.0.0
1671 silly placeDep ROOT es-errors@1.3.0 OK for: side-channel@1.1.0 want: ^1.3.0
1672 silly placeDep ROOT object-inspect@1.13.4 OK for: side-channel@1.1.0 want: ^1.13.3
1673 silly placeDep ROOT side-channel-list@1.0.0 OK for: side-channel@1.1.0 want: ^1.0.0
1674 silly placeDep ROOT side-channel-map@1.0.1 OK for: side-channel@1.1.0 want: ^1.0.1
1675 silly placeDep ROOT side-channel-weakmap@1.0.2 OK for: side-channel@1.1.0 want: ^1.0.2
1676 silly fetch manifest call-bound@^1.0.2
1677 silly packumentCache full:https://registry.npmjs.org/call-bound cache-miss
1678 silly fetch manifest get-intrinsic@^1.2.5
1679 silly packumentCache full:https://registry.npmjs.org/get-intrinsic cache-miss
1680 silly fetch manifest call-bound@^1.0.2
1681 silly packumentCache full:https://registry.npmjs.org/call-bound cache-miss
1682 silly fetch manifest get-intrinsic@^1.2.5
1683 silly packumentCache full:https://registry.npmjs.org/get-intrinsic cache-miss
1684 http fetch GET 200 https://registry.npmjs.org/get-intrinsic 166ms (cache miss)
1685 silly packumentCache full:https://registry.npmjs.org/get-intrinsic set size:undefined disposed:false
1686 http fetch GET 200 https://registry.npmjs.org/call-bound 167ms (cache miss)
1687 silly packumentCache full:https://registry.npmjs.org/call-bound set size:undefined disposed:false
1688 http fetch GET 200 https://registry.npmjs.org/get-intrinsic 167ms (cache miss)
1689 silly packumentCache full:https://registry.npmjs.org/get-intrinsic set size:undefined disposed:false
1690 http fetch GET 200 https://registry.npmjs.org/call-bound 170ms (cache miss)
1691 silly packumentCache full:https://registry.npmjs.org/call-bound set size:undefined disposed:false
1692 silly placeDep ROOT call-bound@1.0.4 OK for: side-channel-map@1.0.1 want: ^1.0.2
1693 silly placeDep ROOT get-intrinsic@1.3.0 OK for: side-channel-map@1.0.1 want: ^1.2.5
1694 silly fetch manifest call-bind-apply-helpers@^1.0.2
1695 silly packumentCache full:https://registry.npmjs.org/call-bind-apply-helpers cache-miss
1696 silly fetch manifest get-intrinsic@^1.3.0
1697 silly packumentCache full:https://registry.npmjs.org/get-intrinsic cache-miss
1698 silly fetch manifest gopd@^1.2.0
1699 silly packumentCache full:https://registry.npmjs.org/gopd cache-miss
1700 silly fetch manifest hasown@^2.0.2
1701 silly packumentCache full:https://registry.npmjs.org/hasown cache-miss
1702 silly fetch manifest get-proto@^1.0.1
1703 silly packumentCache full:https://registry.npmjs.org/get-proto cache-miss
1704 silly fetch manifest has-symbols@^1.1.0
1705 silly packumentCache full:https://registry.npmjs.org/has-symbols cache-miss
1706 silly fetch manifest function-bind@^1.1.2
1707 silly packumentCache full:https://registry.npmjs.org/function-bind cache-miss
1708 silly fetch manifest es-object-atoms@^1.1.1
1709 silly packumentCache full:https://registry.npmjs.org/es-object-atoms cache-miss
1710 silly fetch manifest math-intrinsics@^1.1.0
1711 silly packumentCache full:https://registry.npmjs.org/math-intrinsics cache-miss
1712 http cache https://registry.npmjs.org/get-intrinsic 9ms (cache hit)
1713 silly packumentCache full:https://registry.npmjs.org/get-intrinsic set size:60985 disposed:false
1714 silly fetch manifest es-define-property@^1.0.1
1715 silly packumentCache full:https://registry.npmjs.org/es-define-property cache-miss
1716 http fetch GET 200 https://registry.npmjs.org/call-bind-apply-helpers 152ms (cache miss)
1717 silly packumentCache full:https://registry.npmjs.org/call-bind-apply-helpers set size:undefined disposed:false
1718 http fetch GET 200 https://registry.npmjs.org/gopd 153ms (cache miss)
1719 silly packumentCache full:https://registry.npmjs.org/gopd set size:undefined disposed:false
1720 http fetch GET 200 https://registry.npmjs.org/hasown 153ms (cache miss)
1721 silly packumentCache full:https://registry.npmjs.org/hasown set size:undefined disposed:false
1722 http fetch GET 200 https://registry.npmjs.org/math-intrinsics 157ms (cache miss)
1723 silly packumentCache full:https://registry.npmjs.org/math-intrinsics set size:undefined disposed:false
1724 http fetch GET 200 https://registry.npmjs.org/es-define-property 156ms (cache miss)
1725 silly packumentCache full:https://registry.npmjs.org/es-define-property set size:undefined disposed:false
1726 http fetch GET 200 https://registry.npmjs.org/get-proto 165ms (cache miss)
1727 silly packumentCache full:https://registry.npmjs.org/get-proto set size:undefined disposed:false
1728 http fetch GET 200 https://registry.npmjs.org/es-object-atoms 167ms (cache miss)
1729 silly packumentCache full:https://registry.npmjs.org/es-object-atoms set size:undefined disposed:false
1730 http fetch GET 200 https://registry.npmjs.org/function-bind 168ms (cache miss)
1731 silly packumentCache full:https://registry.npmjs.org/function-bind set size:undefined disposed:false
1732 http fetch GET 200 https://registry.npmjs.org/has-symbols 179ms (cache miss)
1733 silly packumentCache full:https://registry.npmjs.org/has-symbols set size:undefined disposed:false
1734 silly placeDep ROOT call-bind-apply-helpers@1.0.2 OK for: call-bound@1.0.4 want: ^1.0.2
1735 silly placeDep ROOT function-bind@1.1.2 OK for: call-bind-apply-helpers@1.0.2 want: ^1.1.2
1736 silly placeDep ROOT es-define-property@1.0.1 OK for: get-intrinsic@1.3.0 want: ^1.0.1
1737 silly placeDep ROOT es-object-atoms@1.1.1 OK for: get-intrinsic@1.3.0 want: ^1.1.1
1738 silly placeDep ROOT get-proto@1.0.1 OK for: get-intrinsic@1.3.0 want: ^1.0.1
1739 silly placeDep ROOT gopd@1.2.0 OK for: get-intrinsic@1.3.0 want: ^1.2.0
1740 silly placeDep ROOT has-symbols@1.1.0 OK for: get-intrinsic@1.3.0 want: ^1.1.0
1741 silly placeDep ROOT hasown@2.0.2 OK for: get-intrinsic@1.3.0 want: ^2.0.2
1742 silly placeDep ROOT math-intrinsics@1.1.0 OK for: get-intrinsic@1.3.0 want: ^1.1.0
1743 silly fetch manifest dunder-proto@^1.0.1
1744 silly packumentCache full:https://registry.npmjs.org/dunder-proto cache-miss
1745 http fetch GET 200 https://registry.npmjs.org/dunder-proto 149ms (cache miss)
1746 silly packumentCache full:https://registry.npmjs.org/dunder-proto set size:undefined disposed:false
1747 silly placeDep ROOT dunder-proto@1.0.1 OK for: get-proto@1.0.1 want: ^1.0.1
1748 silly placeDep ROOT emoji-regex@10.6.0 OK for: string-width@7.2.0 want: ^10.3.0
1749 silly placeDep ROOT get-east-asian-width@1.4.0 OK for: string-width@7.2.0 want: ^1.0.0
1750 silly placeDep ROOT get-own-enumerable-keys@1.0.0 OK for: stringify-object@5.0.0 want: ^1.0.0
1751 silly placeDep ROOT is-obj@3.0.0 OK for: stringify-object@5.0.0 want: ^3.0.0
1752 silly placeDep ROOT is-regexp@3.1.0 OK for: stringify-object@5.0.0 want: ^3.1.0
1753 silly placeDep ROOT ansi-regex@6.2.2 OK for: strip-ansi@7.1.2 want: ^6.0.1
1754 silly placeDep ROOT is-number@7.0.0 OK for: to-regex-range@5.0.1 want: ^7.0.0
1755 silly placeDep ROOT tldts@7.0.19 OK for: tough-cookie@6.0.0 want: ^7.0.5
1756 silly fetch manifest tldts-core@^7.0.19
1757 silly packumentCache full:https://registry.npmjs.org/tldts-core cache-miss
1758 http fetch GET 200 https://registry.npmjs.org/tldts-core 392ms (cache miss)
1759 silly packumentCache full:https://registry.npmjs.org/tldts-core set size:undefined disposed:false
1760 silly placeDep ROOT tldts-core@7.0.19 OK for: tldts@7.0.19 want: ^7.0.19
1761 silly placeDep ROOT @ts-morph/common@0.27.0 OK for: ts-morph@26.0.0 want: ~0.27.0
1762 silly placeDep ROOT code-block-writer@13.0.3 OK for: ts-morph@26.0.0 want: ^13.0.3
1763 silly fetch manifest minimatch@^10.0.1
1764 silly packumentCache full:https://registry.npmjs.org/minimatch cache-miss
1765 silly fetch manifest path-browserify@^1.0.1
1766 silly packumentCache full:https://registry.npmjs.org/path-browserify cache-miss
1767 http fetch GET 200 https://registry.npmjs.org/path-browserify 152ms (cache miss)
1768 silly packumentCache full:https://registry.npmjs.org/path-browserify set size:undefined disposed:false
1769 http fetch GET 200 https://registry.npmjs.org/minimatch 155ms (cache miss)
1770 silly packumentCache full:https://registry.npmjs.org/minimatch set size:undefined disposed:false
1771 silly placeDep ROOT minimatch@10.1.1 OK for: @ts-morph/common@0.27.0 want: ^10.0.1
1772 silly placeDep ROOT path-browserify@1.0.1 OK for: @ts-morph/common@0.27.0 want: ^1.0.1
1773 silly fetch manifest @isaacs/brace-expansion@^5.0.0
1774 silly packumentCache full:https://registry.npmjs.org/@isaacs%2fbrace-expansion cache-miss
1775 http fetch GET 200 https://registry.npmjs.org/@isaacs%2fbrace-expansion 181ms (cache miss)
1776 silly packumentCache full:https://registry.npmjs.org/@isaacs%2fbrace-expansion set size:undefined disposed:false
1777 silly placeDep ROOT @isaacs/brace-expansion@5.0.0 OK for: minimatch@10.1.1 want: ^5.0.0
1778 silly fetch manifest @isaacs/balanced-match@^4.0.1
1779 silly packumentCache full:https://registry.npmjs.org/@isaacs%2fbalanced-match cache-miss
1780 http fetch GET 200 https://registry.npmjs.org/@isaacs%2fbalanced-match 166ms (cache miss)
1781 silly packumentCache full:https://registry.npmjs.org/@isaacs%2fbalanced-match set size:undefined disposed:false
1782 silly placeDep ROOT @isaacs/balanced-match@4.0.1 OK for: @isaacs/brace-expansion@5.0.0 want: ^4.0.1
1783 silly placeDep ROOT minimist@1.2.8 OK for: tsconfig-paths@4.2.0 want: ^1.2.6
1784 silly placeDep ROOT strip-bom@3.0.0 OK for: tsconfig-paths@4.2.0 want: ^3.0.0
1785 silly placeDep ROOT tagged-tag@1.0.0 OK for: type-fest@5.4.1 want: ^1.0.0
1786 silly placeDep ROOT media-typer@1.1.0 OK for: type-is@2.0.1 want: ^1.1.0
1787 silly placeDep ROOT escalade@3.2.0 OK for: update-browserslist-db@1.2.3 want: ^3.2.0
1788 silly placeDep ROOT isexe@3.1.1 OK for: which@4.0.0 want: ^3.1.1
1789 silly placeDep ROOT ansi-styles@4.3.0 OK for: wrap-ansi@6.2.0 want: ^4.0.0
1790 silly placeDep node_modules/wrap-ansi string-width@4.2.3 OK for: wrap-ansi@6.2.0 want: ^4.1.0
1791 silly placeDep node_modules/wrap-ansi strip-ansi@6.0.1 OK for: wrap-ansi@6.2.0 want: ^6.0.0
1792 silly fetch manifest color-convert@^2.0.1
1793 silly packumentCache full:https://registry.npmjs.org/color-convert cache-miss
1794 silly fetch manifest strip-ansi@^6.0.1
1795 silly packumentCache full:https://registry.npmjs.org/strip-ansi cache-hit
1796 silly fetch manifest emoji-regex@^8.0.0
1797 silly packumentCache full:https://registry.npmjs.org/emoji-regex cache-miss
1798 silly fetch manifest is-fullwidth-code-point@^3.0.0
1799 silly packumentCache full:https://registry.npmjs.org/is-fullwidth-code-point cache-miss
1800 silly fetch manifest ansi-regex@^5.0.1
1801 silly packumentCache full:https://registry.npmjs.org/ansi-regex cache-miss
1802 http cache https://registry.npmjs.org/ansi-regex 2ms (cache hit)
1803 silly packumentCache full:https://registry.npmjs.org/ansi-regex set size:43572 disposed:false
1804 http cache https://registry.npmjs.org/emoji-regex 3ms (cache hit)
1805 silly packumentCache full:https://registry.npmjs.org/emoji-regex set size:89088 disposed:false
1806 http fetch GET 200 https://registry.npmjs.org/is-fullwidth-code-point 158ms (cache miss)
1807 silly packumentCache full:https://registry.npmjs.org/is-fullwidth-code-point set size:undefined disposed:false
1808 http fetch GET 200 https://registry.npmjs.org/color-convert 165ms (cache miss)
1809 silly packumentCache full:https://registry.npmjs.org/color-convert set size:undefined disposed:false
1810 silly placeDep ROOT color-convert@2.0.1 OK for: ansi-styles@4.3.0 want: ^2.0.1
1811 silly fetch manifest color-name@~1.1.4
1812 silly packumentCache full:https://registry.npmjs.org/color-name cache-miss
1813 http fetch GET 200 https://registry.npmjs.org/color-name 149ms (cache miss)
1814 silly packumentCache full:https://registry.npmjs.org/color-name set size:undefined disposed:false
1815 silly placeDep ROOT color-name@1.1.4 OK for: color-convert@2.0.1 want: ~1.1.4
1816 silly placeDep ROOT is-wsl@3.1.0 OK for: wsl-utils@0.3.1 want: ^3.1.0
1817 silly placeDep ROOT cliui@8.0.1 OK for: yargs@17.7.2 want: ^8.0.1
1818 silly placeDep ROOT get-caller-file@2.0.5 OK for: yargs@17.7.2 want: ^2.0.5
1819 silly placeDep ROOT require-directory@2.1.1 OK for: yargs@17.7.2 want: ^2.1.1
1820 silly placeDep node_modules/yargs string-width@4.2.3 OK for: yargs@17.7.2 want: ^4.2.3
1821 silly placeDep ROOT y18n@5.0.8 OK for: yargs@17.7.2 want: ^5.0.5
1822 silly placeDep ROOT yargs-parser@21.1.1 OK for: yargs@17.7.2 want: ^21.1.1
1823 silly fetch manifest wrap-ansi@^7.0.0
1824 silly packumentCache full:https://registry.npmjs.org/wrap-ansi cache-miss
1825 silly fetch manifest string-width@^4.2.0
1826 silly packumentCache full:https://registry.npmjs.org/string-width cache-hit
1827 http cache https://registry.npmjs.org/wrap-ansi 2ms (cache hit)
1828 silly packumentCache full:https://registry.npmjs.org/wrap-ansi set size:51195 disposed:false
1829 silly placeDep node_modules/cliui string-width@4.2.3 OK for: cliui@8.0.1 want: ^4.2.0
1830 silly placeDep node_modules/cliui strip-ansi@6.0.1 OK for: cliui@8.0.1 want: ^6.0.1
1831 silly placeDep node_modules/cliui wrap-ansi@7.0.0 OK for: cliui@8.0.1 want: ^7.0.0
1832 silly placeDep node_modules/@dotenvx/dotenvx get-stream@6.0.1 OK for: execa@5.1.1 want: ^6.0.0
1833 silly placeDep node_modules/@dotenvx/dotenvx human-signals@2.1.0 OK for: execa@5.1.1 want: ^2.1.0
1834 silly placeDep node_modules/@dotenvx/dotenvx is-stream@2.0.1 OK for: execa@5.1.1 want: ^2.0.0
1835 silly placeDep ROOT merge-stream@2.0.0 OK for: execa@5.1.1 want: ^2.0.0
1836 silly placeDep node_modules/@dotenvx/dotenvx npm-run-path@4.0.1 OK for: execa@5.1.1 want: ^4.0.1
1837 silly placeDep node_modules/@dotenvx/dotenvx onetime@5.1.2 OK for: execa@5.1.1 want: ^5.1.2
1838 silly placeDep node_modules/@dotenvx/dotenvx signal-exit@3.0.7 OK for: execa@5.1.1 want: ^3.0.3
1839 silly placeDep node_modules/@dotenvx/dotenvx strip-final-newline@2.0.0 OK for: execa@5.1.1 want: ^2.0.0
1840 silly fetch manifest mimic-fn@^2.1.0
1841 silly packumentCache full:https://registry.npmjs.org/mimic-fn cache-miss
1842 http fetch GET 200 https://registry.npmjs.org/mimic-fn 149ms (cache miss)
1843 silly packumentCache full:https://registry.npmjs.org/mimic-fn set size:undefined disposed:false
1844 silly placeDep ROOT mimic-fn@2.1.0 OK for: onetime@5.1.2 want: ^2.1.0
1845 silly placeDep node_modules/cliui emoji-regex@8.0.0 OK for: string-width@4.2.3 want: ^8.0.0
1846 silly placeDep ROOT is-fullwidth-code-point@3.0.0 OK for: string-width@4.2.3 want: ^3.0.0
1847 silly placeDep node_modules/cliui ansi-regex@5.0.1 OK for: strip-ansi@6.0.1 want: ^5.0.1
1848 silly placeDep node_modules/cross-spawn isexe@2.0.0 OK for: which@2.0.2 want: ^2.0.0
1849 silly placeDep node_modules/wrap-ansi emoji-regex@8.0.0 OK for: string-width@4.2.3 want: ^8.0.0
1850 silly placeDep node_modules/wrap-ansi ansi-regex@5.0.1 OK for: strip-ansi@6.0.1 want: ^5.0.1
1851 silly placeDep node_modules/yargs emoji-regex@8.0.0 OK for: string-width@4.2.3 want: ^8.0.0
1852 silly placeDep node_modules/yargs strip-ansi@6.0.1 OK for: string-width@4.2.3 want: ^6.0.1
1853 silly placeDep node_modules/yargs ansi-regex@5.0.1 OK for: strip-ansi@6.0.1 want: ^5.0.1
1854 silly reify moves {}
1855 silly audit bulk request {
1855 silly audit   shadcn: [ '3.7.0' ],
1855 silly audit   '@antfu/ni': [ '25.0.0' ],
1855 silly audit   '@babel/core': [ '7.28.6' ],
1855 silly audit   '@babel/parser': [ '7.28.6' ],
1855 silly audit   '@babel/plugin-transform-typescript': [ '7.28.6' ],
1855 silly audit   '@babel/preset-typescript': [ '7.28.5' ],
1855 silly audit   '@dotenvx/dotenvx': [ '1.51.4' ],
1855 silly audit   '@modelcontextprotocol/sdk': [ '1.25.3' ],
1855 silly audit   '@types/validate-npm-package-name': [ '4.0.2' ],
1855 silly audit   browserslist: [ '4.28.1' ],
1855 silly audit   commander: [ '14.0.2', '11.1.0' ],
1855 silly audit   cosmiconfig: [ '9.0.0' ],
1855 silly audit   dedent: [ '1.7.1' ],
1855 silly audit   deepmerge: [ '4.3.1' ],
1855 silly audit   diff: [ '8.0.3' ],
1855 silly audit   execa: [ '9.6.1', '5.1.1' ],
1855 silly audit   'fast-glob': [ '3.3.3' ],
1855 silly audit   'fs-extra': [ '11.3.3' ],
1855 silly audit   fuzzysort: [ '3.1.0' ],
1855 silly audit   'https-proxy-agent': [ '7.0.6' ],
1855 silly audit   kleur: [ '4.1.5', '3.0.3' ],
1855 silly audit   msw: [ '2.12.7' ],
1855 silly audit   'node-fetch': [ '3.3.2' ],
1855 silly audit   open: [ '11.0.0' ],
1855 silly audit   ora: [ '8.2.0' ],
1855 silly audit   postcss: [ '8.5.6' ],
1855 silly audit   'postcss-selector-parser': [ '7.1.1' ],
1855 silly audit   prompts: [ '2.4.2' ],
1855 silly audit   recast: [ '0.23.11' ],
1855 silly audit   'stringify-object': [ '5.0.0' ],
1855 silly audit   'ts-morph': [ '26.0.0' ],
1855 silly audit   'tsconfig-paths': [ '4.2.0' ],
1855 silly audit   'validate-npm-package-name': [ '7.0.2' ],
1855 silly audit   zod: [ '3.25.76' ],
1855 silly audit   'zod-to-json-schema': [ '3.25.1' ],
1855 silly audit   ansis: [ '4.2.0' ],
1855 silly audit   fzf: [ '0.5.2' ],
1855 silly audit   'package-manager-detector': [ '1.6.0' ],
1855 silly audit   tinyexec: [ '1.0.2' ],
1855 silly audit   '@babel/code-frame': [ '7.28.6' ],
1855 silly audit   '@babel/generator': [ '7.28.6' ],
1855 silly audit   '@babel/helper-compilation-targets': [ '7.28.6' ],
1855 silly audit   '@babel/helper-module-transforms': [ '7.28.6' ],
1855 silly audit   '@babel/helpers': [ '7.28.6' ],
1855 silly audit   '@babel/template': [ '7.28.6' ],
1855 silly audit   '@babel/traverse': [ '7.28.6' ],
1855 silly audit   '@babel/types': [ '7.28.6' ],
1855 silly audit   '@jridgewell/remapping': [ '2.3.5' ],
1855 silly audit   'convert-source-map': [ '2.0.0' ],
1855 silly audit   debug: [ '4.4.3' ],
1855 silly audit   gensync: [ '1.0.0-beta.2' ],
1855 silly audit   json5: [ '2.2.3' ],
1855 silly audit   semver: [ '6.3.1' ],
1855 silly audit   '@babel/helper-validator-identifier': [ '7.28.5' ],
1855 silly audit   'js-tokens': [ '4.0.0' ],
1855 silly audit   picocolors: [ '1.1.1' ],
1855 silly audit   '@jridgewell/gen-mapping': [ '0.3.13' ],
1855 silly audit   '@jridgewell/trace-mapping': [ '0.3.31' ],
1855 silly audit   jsesc: [ '3.1.0' ],
1855 silly audit   '@babel/compat-data': [ '7.28.6' ],
1855 silly audit   '@babel/helper-validator-option': [ '7.27.1' ],
1855 silly audit   'lru-cache': [ '5.1.1' ],
1855 silly audit   '@babel/helper-module-imports': [ '7.28.6' ],
1855 silly audit   '@babel/helper-annotate-as-pure': [ '7.27.3' ],
1855 silly audit   '@babel/helper-create-class-features-plugin': [ '7.28.6' ],
1855 silly audit   '@babel/helper-plugin-utils': [ '7.28.6' ],
1855 silly audit   '@babel/helper-skip-transparent-expression-wrappers': [ '7.27.1' ],
1855 silly audit   '@babel/plugin-syntax-typescript': [ '7.28.6' ],
1855 silly audit   '@babel/helper-member-expression-to-functions': [ '7.28.5' ],
1855 silly audit   '@babel/helper-optimise-call-expression': [ '7.27.1' ],
1855 silly audit   '@babel/helper-replace-supers': [ '7.28.6' ],
1855 silly audit   '@babel/plugin-syntax-jsx': [ '7.28.6' ],
1855 silly audit   '@babel/plugin-transform-modules-commonjs': [ '7.28.6' ],
1855 silly audit   '@babel/helper-globals': [ '7.28.0' ],
1855 silly audit   '@babel/helper-string-parser': [ '7.27.1' ],
1855 silly audit   dotenv: [ '17.2.3' ],
1855 silly audit   eciesjs: [ '0.4.16' ],
1855 silly audit   fdir: [ '6.5.0' ],
1855 silly audit   ignore: [ '5.3.2' ],
1855 silly audit   'object-treeify': [ '1.1.33' ],
1855 silly audit   picomatch: [ '4.0.3', '2.3.1' ],
1855 silly audit   which: [ '4.0.0', '2.0.2' ],
1855 silly audit   '@jridgewell/sourcemap-codec': [ '1.5.5' ],
1855 silly audit   '@jridgewell/resolve-uri': [ '3.1.2' ],
1855 silly audit   '@hono/node-server': [ '1.19.9' ],
1855 silly audit   hono: [ '4.11.4' ],
1855 silly audit   ajv: [ '8.17.1' ],
1855 silly audit   'ajv-formats': [ '3.0.1' ],
1855 silly audit   'content-type': [ '1.0.5' ],
1855 silly audit   cors: [ '2.8.5' ],
1855 silly audit   'cross-spawn': [ '7.0.6' ],
1855 silly audit   eventsource: [ '3.0.7' ],
1855 silly audit   'eventsource-parser': [ '3.0.6' ],
1855 silly audit   express: [ '5.2.1' ],
1855 silly audit   'express-rate-limit': [ '7.5.1' ],
1855 silly audit   jose: [ '6.1.3' ],
1855 silly audit   'json-schema-typed': [ '8.0.2' ],
1855 silly audit   'pkce-challenge': [ '5.0.1' ],
1855 silly audit   'raw-body': [ '3.0.2' ],
1855 silly audit   'fast-deep-equal': [ '3.1.3' ],
1855 silly audit   'fast-uri': [ '3.1.0' ],
1855 silly audit   'json-schema-traverse': [ '1.0.0' ],
1855 silly audit   'require-from-string': [ '2.0.2' ],
1855 silly audit   'baseline-browser-mapping': [ '2.9.16' ],
1855 silly audit   'caniuse-lite': [ '1.0.30001765' ],
1855 silly audit   'electron-to-chromium': [ '1.5.267' ],
1855 silly audit   'node-releases': [ '2.0.27' ],
1855 silly audit   'update-browserslist-db': [ '1.2.3' ],
1855 silly audit   'object-assign': [ '4.1.1' ],
1855 silly audit   vary: [ '1.1.2' ],
1855 silly audit   'env-paths': [ '2.2.1' ],
1855 silly audit   'import-fresh': [ '3.3.1' ],
1855 silly audit   'js-yaml': [ '4.1.1' ],
1855 silly audit   'parse-json': [ '5.2.0' ],
1855 silly audit   'path-key': [ '3.1.1', '4.0.0' ],
1855 silly audit   'shebang-command': [ '2.0.0' ],
1855 silly audit   ms: [ '2.1.3' ],
1855 silly audit   '@ecies/ciphers': [ '0.2.5' ],
1855 silly audit   '@noble/ciphers': [ '1.3.0' ],
1855 silly audit   '@noble/curves': [ '1.9.7' ],
1855 silly audit   '@noble/hashes': [ '1.8.0' ],
1855 silly audit   '@sindresorhus/merge-streams': [ '4.0.0' ],
1855 silly audit   figures: [ '6.1.0' ],
1855 silly audit   'get-stream': [ '9.0.1', '6.0.1' ],
1855 silly audit   'human-signals': [ '8.0.1', '2.1.0' ],
1855 silly audit   'is-plain-obj': [ '4.1.0' ],
1855 silly audit   'is-stream': [ '4.0.1', '2.0.1' ],
1855 silly audit   'npm-run-path': [ '6.0.0', '4.0.1' ],
1855 silly audit   'pretty-ms': [ '9.3.0' ],
1855 silly audit   'signal-exit': [ '4.1.0', '3.0.7' ],
1855 silly audit   'strip-final-newline': [ '4.0.0', '2.0.0' ],
1855 silly audit   yoctocolors: [ '2.1.2' ],
1855 silly audit   accepts: [ '2.0.0' ],
1855 silly audit   'body-parser': [ '2.2.2' ],
1855 silly audit   'content-disposition': [ '1.0.1' ],
1855 silly audit   cookie: [ '0.7.2', '1.1.1' ],
1855 silly audit   'cookie-signature': [ '1.2.2' ],
1855 silly audit   depd: [ '2.0.0' ],
1855 silly audit   encodeurl: [ '2.0.0' ],
1855 silly audit   'escape-html': [ '1.0.3' ],
1855 silly audit   etag: [ '1.8.1' ],
1855 silly audit   finalhandler: [ '2.1.1' ],
1855 silly audit   fresh: [ '2.0.0' ],
1855 silly audit   'http-errors': [ '2.0.1' ],
1855 silly audit   'merge-descriptors': [ '2.0.0' ],
1855 silly audit   'mime-types': [ '3.0.2' ],
1855 silly audit   'on-finished': [ '2.4.1' ],
1855 silly audit   once: [ '1.4.0' ],
1855 silly audit   parseurl: [ '1.3.3' ],
1855 silly audit   'proxy-addr': [ '2.0.7' ],
1855 silly audit   qs: [ '6.14.1' ],
1855 silly audit   'range-parser': [ '1.2.1' ],
1855 silly audit   router: [ '2.2.0' ],
1855 silly audit   send: [ '1.2.1' ],
1855 silly audit   'serve-static': [ '2.2.1' ],
1855 silly audit   statuses: [ '2.0.2' ],
1855 silly audit   'type-is': [ '2.0.1' ],
1855 silly audit   negotiator: [ '1.0.0' ],
1855 silly audit   bytes: [ '3.1.2' ],
1855 silly audit   'iconv-lite': [ '0.7.2' ],
1855 silly audit   '@nodelib/fs.stat': [ '2.0.5' ],
1855 silly audit   '@nodelib/fs.walk': [ '1.2.8' ],
1855 silly audit   'glob-parent': [ '5.1.2' ],
1855 silly audit   merge2: [ '1.4.1' ],
1855 silly audit   micromatch: [ '4.0.8' ],
1855 silly audit   '@nodelib/fs.scandir': [ '2.1.5' ],
1855 silly audit   fastq: [ '1.20.1' ],
1855 silly audit   'run-parallel': [ '1.2.0' ],
1855 silly audit   reusify: [ '1.1.0' ],
1855 silly audit   'is-unicode-supported': [ '2.1.0', '1.3.0' ],
1855 silly audit   'graceful-fs': [ '4.2.11' ],
1855 silly audit   jsonfile: [ '6.2.0' ],
1855 silly audit   universalify: [ '2.0.1' ],
1855 silly audit   '@sec-ant/readable-stream': [ '0.4.1' ],
1855 silly audit   'is-glob': [ '4.0.3' ],
1855 silly audit   inherits: [ '2.0.4' ],
1855 silly audit   setprototypeof: [ '1.2.0' ],
1855 silly audit   toidentifier: [ '1.0.1' ],
1855 silly audit   'agent-base': [ '7.1.4' ],
1855 silly audit   'safer-buffer': [ '2.1.2' ],
1855 silly audit   'parent-module': [ '1.0.1' ],
1855 silly audit   'resolve-from': [ '4.0.0' ],
1855 silly audit   'is-extglob': [ '2.1.1' ],
1855 silly audit   argparse: [ '2.0.1' ],
1855 silly audit   yallist: [ '3.1.1' ],
1855 silly audit   braces: [ '3.0.3' ],
1855 silly audit   'fill-range': [ '7.1.1' ],
1855 silly audit   'to-regex-range': [ '5.0.1' ],
1855 silly audit   'mime-db': [ '1.54.0' ],
1855 silly audit   '@inquirer/confirm': [ '5.1.21' ],
1855 silly audit   '@mswjs/interceptors': [ '0.40.0' ],
1855 silly audit   '@open-draft/deferred-promise': [ '2.2.0' ],
1855 silly audit   '@types/statuses': [ '2.0.6' ],
1855 silly audit   graphql: [ '16.12.0' ],
1855 silly audit   'headers-polyfill': [ '4.0.3' ],
1855 silly audit   'is-node-process': [ '1.2.0' ],
1855 silly audit   outvariant: [ '1.4.3' ],
1855 silly audit   'path-to-regexp': [ '6.3.0', '8.3.0' ],
1855 silly audit   rettime: [ '0.7.0' ],
1855 silly audit   'strict-event-emitter': [ '0.5.1' ],
1855 silly audit   'tough-cookie': [ '6.0.0' ],
1855 silly audit   'type-fest': [ '5.4.1' ],
1855 silly audit   'until-async': [ '3.0.2' ],
1855 silly audit   yargs: [ '17.7.2' ],
1855 silly audit   '@inquirer/core': [ '10.3.2' ],
1855 silly audit   '@inquirer/type': [ '3.0.10' ],
1855 silly audit   '@inquirer/ansi': [ '1.0.2' ],
1855 silly audit   '@inquirer/figures': [ '1.0.15' ],
1855 silly audit   'cli-width': [ '4.1.0' ],
1855 silly audit   'mute-stream': [ '2.0.0' ],
1855 silly audit   'wrap-ansi': [ '6.2.0', '7.0.0' ],
1855 silly audit   'yoctocolors-cjs': [ '2.1.3' ],
1855 silly audit   '@open-draft/logger': [ '0.3.0' ],
1855 silly audit   '@open-draft/until': [ '2.1.0' ],
1855 silly audit   'data-uri-to-buffer': [ '4.0.1' ],
1855 silly audit   'fetch-blob': [ '3.2.0' ],
1855 silly audit   'formdata-polyfill': [ '4.0.10' ],
1855 silly audit   'node-domexception': [ '1.0.0' ],
1855 silly audit   'web-streams-polyfill': [ '3.3.3' ],
1855 silly audit   'unicorn-magic': [ '0.3.0' ],
1855 silly audit   'ee-first': [ '1.1.1' ],
1855 silly audit   wrappy: [ '1.0.2' ],
1855 silly audit   'default-browser': [ '5.4.0' ],
1855 silly audit   'define-lazy-prop': [ '3.0.0' ],
1855 silly audit   'is-in-ssh': [ '1.0.0' ],
1855 silly audit   'is-inside-container': [ '1.0.0' ],
1855 silly audit   'powershell-utils': [ '0.1.0' ],
1855 silly audit   'wsl-utils': [ '0.3.1' ],
1855 silly audit   'bundle-name': [ '4.1.0' ],
1855 silly audit   'default-browser-id': [ '5.0.1' ],
1855 silly audit   'run-applescript': [ '7.1.0' ],
1855 silly audit   'is-docker': [ '3.0.0' ],
1855 silly audit   chalk: [ '5.6.2' ],
1855 silly audit   'cli-cursor': [ '5.0.0' ],
1855 silly audit   'cli-spinners': [ '2.9.2' ],
1855 silly audit   'is-interactive': [ '2.0.0' ],
1855 silly audit   'log-symbols': [ '6.0.0' ],
1855 silly audit   'stdin-discarder': [ '0.2.2' ],
1855 silly audit   'string-width': [ '7.2.0', '4.2.3' ],
1855 silly audit   'strip-ansi': [ '7.1.2', '6.0.1' ],
1855 silly audit   'restore-cursor': [ '5.1.0' ],
1855 silly audit   callsites: [ '3.1.0' ],
1855 silly audit   'error-ex': [ '1.3.4' ],
1855 silly audit   'json-parse-even-better-errors': [ '2.3.1' ],
1855 silly audit   'lines-and-columns': [ '1.2.4' ],
1855 silly audit   'is-arrayish': [ '0.2.1' ],
1855 silly audit   nanoid: [ '3.3.11' ],
1855 silly audit   'source-map-js': [ '1.2.1' ],
1855 silly audit   cssesc: [ '3.0.0' ],
1855 silly audit   'util-deprecate': [ '1.0.2' ],
1855 silly audit   'parse-ms': [ '4.0.0' ],
1855 silly audit   sisteransi: [ '1.0.5' ],
1855 silly audit   forwarded: [ '0.2.0' ],
1855 silly audit   'ipaddr.js': [ '1.9.1' ],
1855 silly audit   'side-channel': [ '1.1.0' ],
1855 silly audit   unpipe: [ '1.0.0' ],
1855 silly audit   'ast-types': [ '0.16.1' ],
1855 silly audit   esprima: [ '4.0.1' ],
1855 silly audit   'source-map': [ '0.6.1' ],
1855 silly audit   'tiny-invariant': [ '1.3.3' ],
1855 silly audit   tslib: [ '2.8.1' ],
1855 silly audit   onetime: [ '7.0.0', '5.1.2' ],
1855 silly audit   'mimic-function': [ '5.0.1' ],
1855 silly audit   'is-promise': [ '4.0.0' ],
1855 silly audit   'queue-microtask': [ '1.2.3' ],
1855 silly audit   'shebang-regex': [ '3.0.0' ],
1855 silly audit   'es-errors': [ '1.3.0' ],
1855 silly audit   'object-inspect': [ '1.13.4' ],
1855 silly audit   'side-channel-list': [ '1.0.0' ],
1855 silly audit   'side-channel-map': [ '1.0.1' ],
1855 silly audit   'side-channel-weakmap': [ '1.0.2' ],
1855 silly audit   'call-bound': [ '1.0.4' ],
1855 silly audit   'get-intrinsic': [ '1.3.0' ],
1855 silly audit   'call-bind-apply-helpers': [ '1.0.2' ],
1855 silly audit   'function-bind': [ '1.1.2' ],
1855 silly audit   'es-define-property': [ '1.0.1' ],
1855 silly audit   'es-object-atoms': [ '1.1.1' ],
1855 silly audit   'get-proto': [ '1.0.1' ],
1855 silly audit   gopd: [ '1.2.0' ],
1855 silly audit   'has-symbols': [ '1.1.0' ],
1855 silly audit   hasown: [ '2.0.2' ],
1855 silly audit   'math-intrinsics': [ '1.1.0' ],
1855 silly audit   'dunder-proto': [ '1.0.1' ],
1855 silly audit   'emoji-regex': [ '10.6.0', '8.0.0' ],
1855 silly audit   'get-east-asian-width': [ '1.4.0' ],
1855 silly audit   'get-own-enumerable-keys': [ '1.0.0' ],
1855 silly audit   'is-obj': [ '3.0.0' ],
1855 silly audit   'is-regexp': [ '3.1.0' ],
1855 silly audit   'ansi-regex': [ '6.2.2', '5.0.1' ],
1855 silly audit   'is-number': [ '7.0.0' ],
1855 silly audit   tldts: [ '7.0.19' ],
1855 silly audit   'tldts-core': [ '7.0.19' ],
1855 silly audit   '@ts-morph/common': [ '0.27.0' ],
1855 silly audit   'code-block-writer': [ '13.0.3' ],
1855 silly audit   minimatch: [ '10.1.1' ],
1855 silly audit   'path-browserify': [ '1.0.1' ],
1855 silly audit   '@isaacs/brace-expansion': [ '5.0.0' ],
1855 silly audit   '@isaacs/balanced-match': [ '4.0.1' ],
1855 silly audit   minimist: [ '1.2.8' ],
1855 silly audit   'strip-bom': [ '3.0.0' ],
1855 silly audit   'tagged-tag': [ '1.0.0' ],
1855 silly audit   'media-typer': [ '1.1.0' ],
1855 silly audit   escalade: [ '3.2.0' ],
1855 silly audit   isexe: [ '3.1.1', '2.0.0' ],
1855 silly audit   'ansi-styles': [ '4.3.0' ],
1855 silly audit   'color-convert': [ '2.0.1' ],
1855 silly audit   'color-name': [ '1.1.4' ],
1855 silly audit   'is-wsl': [ '3.1.0' ],
1855 silly audit   cliui: [ '8.0.1' ],
1855 silly audit   'get-caller-file': [ '2.0.5' ],
1855 silly audit   'require-directory': [ '2.1.1' ],
1855 silly audit   y18n: [ '5.0.8' ],
1855 silly audit   'yargs-parser': [ '21.1.1' ],
1855 silly audit   'merge-stream': [ '2.0.0' ],
1855 silly audit   'mimic-fn': [ '2.1.0' ],
1855 silly audit   'is-fullwidth-code-point': [ '3.0.0' ]
1855 silly audit }
1856 http cache y18n@https://registry.npmjs.org/y18n/-/y18n-5.0.8.tgz 1ms (cache hit)
1857 http cache get-caller-file@https://registry.npmjs.org/get-caller-file/-/get-caller-file-2.0.5.tgz 0ms (cache hit)
1858 http cache is-fullwidth-code-point@https://registry.npmjs.org/is-fullwidth-code-point/-/is-fullwidth-code-point-3.0.0.tgz 0ms (cache hit)
1859 http cache mimic-fn@https://registry.npmjs.org/mimic-fn/-/mimic-fn-2.1.0.tgz 0ms (cache hit)
1860 http cache require-directory@https://registry.npmjs.org/require-directory/-/require-directory-2.1.1.tgz 0ms (cache hit)
1861 http cache yargs-parser@https://registry.npmjs.org/yargs-parser/-/yargs-parser-21.1.1.tgz 0ms (cache hit)
1862 http cache merge-stream@https://registry.npmjs.org/merge-stream/-/merge-stream-2.0.0.tgz 0ms (cache hit)
1863 http cache color-name@https://registry.npmjs.org/color-name/-/color-name-1.1.4.tgz 0ms (cache hit)
1864 http cache is-wsl@https://registry.npmjs.org/is-wsl/-/is-wsl-3.1.0.tgz 0ms (cache hit)
1865 http cache color-convert@https://registry.npmjs.org/color-convert/-/color-convert-2.0.1.tgz 0ms (cache hit)
1866 http cache ansi-styles@https://registry.npmjs.org/ansi-styles/-/ansi-styles-4.3.0.tgz 0ms (cache hit)
1867 http cache cliui@https://registry.npmjs.org/cliui/-/cliui-8.0.1.tgz 0ms (cache hit)
1868 http cache escalade@https://registry.npmjs.org/escalade/-/escalade-3.2.0.tgz 0ms (cache hit)
1869 http cache isexe@https://registry.npmjs.org/isexe/-/isexe-3.1.1.tgz 0ms (cache hit)
1870 http cache tagged-tag@https://registry.npmjs.org/tagged-tag/-/tagged-tag-1.0.0.tgz 0ms (cache hit)
1871 http cache minimist@https://registry.npmjs.org/minimist/-/minimist-1.2.8.tgz 0ms (cache hit)
1872 http cache path-browserify@https://registry.npmjs.org/path-browserify/-/path-browserify-1.0.1.tgz 0ms (cache hit)
1873 http cache strip-bom@https://registry.npmjs.org/strip-bom/-/strip-bom-3.0.0.tgz 0ms (cache hit)
1874 http cache @isaacs/brace-expansion@https://registry.npmjs.org/@isaacs/brace-expansion/-/brace-expansion-5.0.0.tgz 0ms (cache hit)
1875 http cache @isaacs/balanced-match@https://registry.npmjs.org/@isaacs/balanced-match/-/balanced-match-4.0.1.tgz 0ms (cache hit)
1876 http cache media-typer@https://registry.npmjs.org/media-typer/-/media-typer-1.1.0.tgz 0ms (cache hit)
1877 http cache minimatch@https://registry.npmjs.org/minimatch/-/minimatch-10.1.1.tgz 0ms (cache hit)
1878 http cache code-block-writer@https://registry.npmjs.org/code-block-writer/-/code-block-writer-13.0.3.tgz 0ms (cache hit)
1879 http cache tldts@https://registry.npmjs.org/tldts/-/tldts-7.0.19.tgz 0ms (cache hit)
1880 http cache tldts-core@https://registry.npmjs.org/tldts-core/-/tldts-core-7.0.19.tgz 0ms (cache hit)
1881 http cache ansi-regex@https://registry.npmjs.org/ansi-regex/-/ansi-regex-6.2.2.tgz 0ms (cache hit)
1882 http cache is-number@https://registry.npmjs.org/is-number/-/is-number-7.0.0.tgz 0ms (cache hit)
1883 http cache is-regexp@https://registry.npmjs.org/is-regexp/-/is-regexp-3.1.0.tgz 0ms (cache hit)
1884 http cache get-east-asian-width@https://registry.npmjs.org/get-east-asian-width/-/get-east-asian-width-1.4.0.tgz 0ms (cache hit)
1885 http cache @ts-morph/common@https://registry.npmjs.org/@ts-morph/common/-/common-0.27.0.tgz 0ms (cache hit)
1886 http cache dunder-proto@https://registry.npmjs.org/dunder-proto/-/dunder-proto-1.0.1.tgz 0ms (cache hit)
1887 http cache emoji-regex@https://registry.npmjs.org/emoji-regex/-/emoji-regex-10.6.0.tgz 0ms (cache hit)
1888 http cache math-intrinsics@https://registry.npmjs.org/math-intrinsics/-/math-intrinsics-1.1.0.tgz 0ms (cache hit)
1889 http cache hasown@https://registry.npmjs.org/hasown/-/hasown-2.0.2.tgz 1ms (cache hit)
1890 http cache has-symbols@https://registry.npmjs.org/has-symbols/-/has-symbols-1.1.0.tgz 0ms (cache hit)
1891 http cache get-own-enumerable-keys@https://registry.npmjs.org/get-own-enumerable-keys/-/get-own-enumerable-keys-1.0.0.tgz 0ms (cache hit)
1892 http cache is-obj@https://registry.npmjs.org/is-obj/-/is-obj-3.0.0.tgz 0ms (cache hit)
1893 http cache gopd@https://registry.npmjs.org/gopd/-/gopd-1.2.0.tgz 0ms (cache hit)
1894 http cache call-bound@https://registry.npmjs.org/call-bound/-/call-bound-1.0.4.tgz 0ms (cache hit)
1895 http cache es-define-property@https://registry.npmjs.org/es-define-property/-/es-define-property-1.0.1.tgz 0ms (cache hit)
1896 http cache side-channel-weakmap@https://registry.npmjs.org/side-channel-weakmap/-/side-channel-weakmap-1.0.2.tgz 0ms (cache hit)
1897 http cache get-proto@https://registry.npmjs.org/get-proto/-/get-proto-1.0.1.tgz 0ms (cache hit)
1898 http cache function-bind@https://registry.npmjs.org/function-bind/-/function-bind-1.1.2.tgz 0ms (cache hit)
1899 http cache call-bind-apply-helpers@https://registry.npmjs.org/call-bind-apply-helpers/-/call-bind-apply-helpers-1.0.2.tgz 0ms (cache hit)
1900 http cache get-intrinsic@https://registry.npmjs.org/get-intrinsic/-/get-intrinsic-1.3.0.tgz 0ms (cache hit)
1901 http cache side-channel-map@https://registry.npmjs.org/side-channel-map/-/side-channel-map-1.0.1.tgz 0ms (cache hit)
1902 http cache object-inspect@https://registry.npmjs.org/object-inspect/-/object-inspect-1.13.4.tgz 0ms (cache hit)
1903 http cache side-channel-list@https://registry.npmjs.org/side-channel-list/-/side-channel-list-1.0.0.tgz 0ms (cache hit)
1904 http cache queue-microtask@https://registry.npmjs.org/queue-microtask/-/queue-microtask-1.2.3.tgz 0ms (cache hit)
1905 http cache es-object-atoms@https://registry.npmjs.org/es-object-atoms/-/es-object-atoms-1.1.1.tgz 0ms (cache hit)
1906 http cache es-errors@https://registry.npmjs.org/es-errors/-/es-errors-1.3.0.tgz 0ms (cache hit)
1907 http cache is-promise@https://registry.npmjs.org/is-promise/-/is-promise-4.0.0.tgz 0ms (cache hit)
1908 http cache shebang-regex@https://registry.npmjs.org/shebang-regex/-/shebang-regex-3.0.0.tgz 0ms (cache hit)
1909 http cache tiny-invariant@https://registry.npmjs.org/tiny-invariant/-/tiny-invariant-1.3.3.tgz 0ms (cache hit)
1910 http cache source-map@https://registry.npmjs.org/source-map/-/source-map-0.6.1.tgz 0ms (cache hit)
1911 http cache mimic-function@https://registry.npmjs.org/mimic-function/-/mimic-function-5.0.1.tgz 0ms (cache hit)
1912 http cache tslib@https://registry.npmjs.org/tslib/-/tslib-2.8.1.tgz 0ms (cache hit)
1913 http cache onetime@https://registry.npmjs.org/onetime/-/onetime-7.0.0.tgz 0ms (cache hit)
1914 http cache esprima@https://registry.npmjs.org/esprima/-/esprima-4.0.1.tgz 0ms (cache hit)
1915 http cache ast-types@https://registry.npmjs.org/ast-types/-/ast-types-0.16.1.tgz 0ms (cache hit)
1916 http cache unpipe@https://registry.npmjs.org/unpipe/-/unpipe-1.0.0.tgz 0ms (cache hit)
1917 http cache side-channel@https://registry.npmjs.org/side-channel/-/side-channel-1.1.0.tgz 0ms (cache hit)
1918 http cache ipaddr.js@https://registry.npmjs.org/ipaddr.js/-/ipaddr.js-1.9.1.tgz 0ms (cache hit)
1919 http cache forwarded@https://registry.npmjs.org/forwarded/-/forwarded-0.2.0.tgz 0ms (cache hit)
1920 http cache parse-ms@https://registry.npmjs.org/parse-ms/-/parse-ms-4.0.0.tgz 0ms (cache hit)
1921 http cache sisteransi@https://registry.npmjs.org/sisteransi/-/sisteransi-1.0.5.tgz 0ms (cache hit)
1922 http cache source-map-js@https://registry.npmjs.org/source-map-js/-/source-map-js-1.2.1.tgz 0ms (cache hit)
1923 http cache util-deprecate@https://registry.npmjs.org/util-deprecate/-/util-deprecate-1.0.2.tgz 0ms (cache hit)
1924 http cache nanoid@https://registry.npmjs.org/nanoid/-/nanoid-3.3.11.tgz 0ms (cache hit)
1925 http cache lines-and-columns@https://registry.npmjs.org/lines-and-columns/-/lines-and-columns-1.2.4.tgz 0ms (cache hit)
1926 http cache cssesc@https://registry.npmjs.org/cssesc/-/cssesc-3.0.0.tgz 0ms (cache hit)
1927 http cache json-parse-even-better-errors@https://registry.npmjs.org/json-parse-even-better-errors/-/json-parse-even-better-errors-2.3.1.tgz 0ms (cache hit)
1928 http cache error-ex@https://registry.npmjs.org/error-ex/-/error-ex-1.3.4.tgz 0ms (cache hit)
1929 http cache callsites@https://registry.npmjs.org/callsites/-/callsites-3.1.0.tgz 0ms (cache hit)
1930 http cache restore-cursor@https://registry.npmjs.org/restore-cursor/-/restore-cursor-5.1.0.tgz 0ms (cache hit)
1931 http cache is-arrayish@https://registry.npmjs.org/is-arrayish/-/is-arrayish-0.2.1.tgz 0ms (cache hit)
1932 http cache strip-ansi@https://registry.npmjs.org/strip-ansi/-/strip-ansi-7.1.2.tgz 0ms (cache hit)
1933 http cache log-symbols@https://registry.npmjs.org/log-symbols/-/log-symbols-6.0.0.tgz 0ms (cache hit)
1934 http cache stdin-discarder@https://registry.npmjs.org/stdin-discarder/-/stdin-discarder-0.2.2.tgz 0ms (cache hit)
1935 http cache string-width@https://registry.npmjs.org/string-width/-/string-width-7.2.0.tgz 0ms (cache hit)
1936 http cache is-interactive@https://registry.npmjs.org/is-interactive/-/is-interactive-2.0.0.tgz 0ms (cache hit)
1937 http cache cli-cursor@https://registry.npmjs.org/cli-cursor/-/cli-cursor-5.0.0.tgz 0ms (cache hit)
1938 http cache is-docker@https://registry.npmjs.org/is-docker/-/is-docker-3.0.0.tgz 0ms (cache hit)
1939 http cache run-applescript@https://registry.npmjs.org/run-applescript/-/run-applescript-7.1.0.tgz 0ms (cache hit)
1940 http cache chalk@https://registry.npmjs.org/chalk/-/chalk-5.6.2.tgz 0ms (cache hit)
1941 http cache powershell-utils@https://registry.npmjs.org/powershell-utils/-/powershell-utils-0.1.0.tgz 0ms (cache hit)
1942 http cache is-in-ssh@https://registry.npmjs.org/is-in-ssh/-/is-in-ssh-1.0.0.tgz 0ms (cache hit)
1943 http cache is-inside-container@https://registry.npmjs.org/is-inside-container/-/is-inside-container-1.0.0.tgz 0ms (cache hit)
1944 http cache default-browser-id@https://registry.npmjs.org/default-browser-id/-/default-browser-id-5.0.1.tgz 0ms (cache hit)
1945 http cache wsl-utils@https://registry.npmjs.org/wsl-utils/-/wsl-utils-0.3.1.tgz 0ms (cache hit)
1946 http cache define-lazy-prop@https://registry.npmjs.org/define-lazy-prop/-/define-lazy-prop-3.0.0.tgz 0ms (cache hit)
1947 http cache cli-spinners@https://registry.npmjs.org/cli-spinners/-/cli-spinners-2.9.2.tgz 0ms (cache hit)
1948 http cache default-browser@https://registry.npmjs.org/default-browser/-/default-browser-5.4.0.tgz 0ms (cache hit)
1949 http cache wrappy@https://registry.npmjs.org/wrappy/-/wrappy-1.0.2.tgz 0ms (cache hit)
1950 http cache unicorn-magic@https://registry.npmjs.org/unicorn-magic/-/unicorn-magic-0.3.0.tgz 0ms (cache hit)
1951 http cache ee-first@https://registry.npmjs.org/ee-first/-/ee-first-1.1.1.tgz 0ms (cache hit)
1952 http cache bundle-name@https://registry.npmjs.org/bundle-name/-/bundle-name-4.1.0.tgz 0ms (cache hit)
1953 http cache @open-draft/until@https://registry.npmjs.org/@open-draft/until/-/until-2.1.0.tgz 0ms (cache hit)
1954 http cache node-domexception@https://registry.npmjs.org/node-domexception/-/node-domexception-1.0.0.tgz 0ms (cache hit)
1955 http cache web-streams-polyfill@https://registry.npmjs.org/web-streams-polyfill/-/web-streams-polyfill-3.3.3.tgz 0ms (cache hit)
1956 http cache formdata-polyfill@https://registry.npmjs.org/formdata-polyfill/-/formdata-polyfill-4.0.10.tgz 0ms (cache hit)
1957 http cache yoctocolors-cjs@https://registry.npmjs.org/yoctocolors-cjs/-/yoctocolors-cjs-2.1.3.tgz 0ms (cache hit)
1958 http cache fetch-blob@https://registry.npmjs.org/fetch-blob/-/fetch-blob-3.2.0.tgz 0ms (cache hit)
1959 http cache data-uri-to-buffer@https://registry.npmjs.org/data-uri-to-buffer/-/data-uri-to-buffer-4.0.1.tgz 0ms (cache hit)
1960 http cache @open-draft/logger@https://registry.npmjs.org/@open-draft/logger/-/logger-0.3.0.tgz 0ms (cache hit)
1961 http cache wrap-ansi@https://registry.npmjs.org/wrap-ansi/-/wrap-ansi-6.2.0.tgz 0ms (cache hit)
1962 http cache cli-width@https://registry.npmjs.org/cli-width/-/cli-width-4.1.0.tgz 0ms (cache hit)
1963 http cache mute-stream@https://registry.npmjs.org/mute-stream/-/mute-stream-2.0.0.tgz 0ms (cache hit)
1964 http cache yargs@https://registry.npmjs.org/yargs/-/yargs-17.7.2.tgz 0ms (cache hit)
1965 http cache @inquirer/figures@https://registry.npmjs.org/@inquirer/figures/-/figures-1.0.15.tgz 0ms (cache hit)
1966 http cache until-async@https://registry.npmjs.org/until-async/-/until-async-3.0.2.tgz 0ms (cache hit)
1967 http cache @inquirer/core@https://registry.npmjs.org/@inquirer/core/-/core-10.3.2.tgz 0ms (cache hit)
1968 http cache @inquirer/ansi@https://registry.npmjs.org/@inquirer/ansi/-/ansi-1.0.2.tgz 0ms (cache hit)
1969 http cache strict-event-emitter@https://registry.npmjs.org/strict-event-emitter/-/strict-event-emitter-0.5.1.tgz 0ms (cache hit)
1970 http cache tough-cookie@https://registry.npmjs.org/tough-cookie/-/tough-cookie-6.0.0.tgz 0ms (cache hit)
1971 http cache @inquirer/type@https://registry.npmjs.org/@inquirer/type/-/type-3.0.10.tgz 0ms (cache hit)
1972 http cache type-fest@https://registry.npmjs.org/type-fest/-/type-fest-5.4.1.tgz 0ms (cache hit)
1973 http cache outvariant@https://registry.npmjs.org/outvariant/-/outvariant-1.4.3.tgz 0ms (cache hit)
1974 http cache path-to-regexp@https://registry.npmjs.org/path-to-regexp/-/path-to-regexp-6.3.0.tgz 0ms (cache hit)
1975 http cache is-node-process@https://registry.npmjs.org/is-node-process/-/is-node-process-1.2.0.tgz 0ms (cache hit)
1976 http cache @open-draft/deferred-promise@https://registry.npmjs.org/@open-draft/deferred-promise/-/deferred-promise-2.2.0.tgz 0ms (cache hit)
1977 http cache headers-polyfill@https://registry.npmjs.org/headers-polyfill/-/headers-polyfill-4.0.3.tgz 0ms (cache hit)
1978 http cache graphql@https://registry.npmjs.org/graphql/-/graphql-16.12.0.tgz 0ms (cache hit)
1979 http cache @inquirer/confirm@https://registry.npmjs.org/@inquirer/confirm/-/confirm-5.1.21.tgz 0ms (cache hit)
1980 http cache @types/statuses@https://registry.npmjs.org/@types/statuses/-/statuses-2.0.6.tgz 0ms (cache hit)
1981 http cache @mswjs/interceptors@https://registry.npmjs.org/@mswjs/interceptors/-/interceptors-0.40.0.tgz 0ms (cache hit)
1982 http cache to-regex-range@https://registry.npmjs.org/to-regex-range/-/to-regex-range-5.0.1.tgz 0ms (cache hit)
1983 http cache mime-db@https://registry.npmjs.org/mime-db/-/mime-db-1.54.0.tgz 0ms (cache hit)
1984 http cache fill-range@https://registry.npmjs.org/fill-range/-/fill-range-7.1.1.tgz 0ms (cache hit)
1985 http cache rettime@https://registry.npmjs.org/rettime/-/rettime-0.7.0.tgz 0ms (cache hit)
1986 http cache resolve-from@https://registry.npmjs.org/resolve-from/-/resolve-from-4.0.0.tgz 0ms (cache hit)
1987 http cache braces@https://registry.npmjs.org/braces/-/braces-3.0.3.tgz 0ms (cache hit)
1988 http cache argparse@https://registry.npmjs.org/argparse/-/argparse-2.0.1.tgz 0ms (cache hit)
1989 http cache parent-module@https://registry.npmjs.org/parent-module/-/parent-module-1.0.1.tgz 0ms (cache hit)
1990 http cache yallist@https://registry.npmjs.org/yallist/-/yallist-3.1.1.tgz 0ms (cache hit)
1991 http cache inherits@https://registry.npmjs.org/inherits/-/inherits-2.0.4.tgz 0ms (cache hit)
1992 http cache safer-buffer@https://registry.npmjs.org/safer-buffer/-/safer-buffer-2.1.2.tgz 0ms (cache hit)
1993 http cache is-glob@https://registry.npmjs.org/is-glob/-/is-glob-4.0.3.tgz 0ms (cache hit)
1994 http cache setprototypeof@https://registry.npmjs.org/setprototypeof/-/setprototypeof-1.2.0.tgz 0ms (cache hit)
1995 http cache universalify@https://registry.npmjs.org/universalify/-/universalify-2.0.1.tgz 0ms (cache hit)
1996 http cache is-extglob@https://registry.npmjs.org/is-extglob/-/is-extglob-2.1.1.tgz 0ms (cache hit)
1997 http cache toidentifier@https://registry.npmjs.org/toidentifier/-/toidentifier-1.0.1.tgz 0ms (cache hit)
1998 http cache graceful-fs@https://registry.npmjs.org/graceful-fs/-/graceful-fs-4.2.11.tgz 0ms (cache hit)
1999 http cache reusify@https://registry.npmjs.org/reusify/-/reusify-1.1.0.tgz 0ms (cache hit)
2000 http cache run-parallel@https://registry.npmjs.org/run-parallel/-/run-parallel-1.2.0.tgz 0ms (cache hit)
2001 http cache fastq@https://registry.npmjs.org/fastq/-/fastq-1.20.1.tgz 0ms (cache hit)
2002 http cache @sec-ant/readable-stream@https://registry.npmjs.org/@sec-ant/readable-stream/-/readable-stream-0.4.1.tgz 0ms (cache hit)
2003 http cache is-unicode-supported@https://registry.npmjs.org/is-unicode-supported/-/is-unicode-supported-2.1.0.tgz 0ms (cache hit)
2004 http cache @nodelib/fs.scandir@https://registry.npmjs.org/@nodelib/fs.scandir/-/fs.scandir-2.1.5.tgz 0ms (cache hit)
2005 http cache micromatch@https://registry.npmjs.org/micromatch/-/micromatch-4.0.8.tgz 0ms (cache hit)
2006 http cache glob-parent@https://registry.npmjs.org/glob-parent/-/glob-parent-5.1.2.tgz 0ms (cache hit)
2007 http cache agent-base@https://registry.npmjs.org/agent-base/-/agent-base-7.1.4.tgz 0ms (cache hit)
2008 http cache @nodelib/fs.stat@https://registry.npmjs.org/@nodelib/fs.stat/-/fs.stat-2.0.5.tgz 0ms (cache hit)
2009 http cache merge2@https://registry.npmjs.org/merge2/-/merge2-1.4.1.tgz 0ms (cache hit)
2010 http cache @nodelib/fs.walk@https://registry.npmjs.org/@nodelib/fs.walk/-/fs.walk-1.2.8.tgz 0ms (cache hit)
2011 http cache jsonfile@https://registry.npmjs.org/jsonfile/-/jsonfile-6.2.0.tgz 0ms (cache hit)
2012 http cache type-is@https://registry.npmjs.org/type-is/-/type-is-2.0.1.tgz 0ms (cache hit)
2013 http cache iconv-lite@https://registry.npmjs.org/iconv-lite/-/iconv-lite-0.7.2.tgz 0ms (cache hit)
2014 http cache negotiator@https://registry.npmjs.org/negotiator/-/negotiator-1.0.0.tgz 0ms (cache hit)
2015 http cache send@https://registry.npmjs.org/send/-/send-1.2.1.tgz 0ms (cache hit)
2016 http cache range-parser@https://registry.npmjs.org/range-parser/-/range-parser-1.2.1.tgz 0ms (cache hit)
2017 http cache serve-static@https://registry.npmjs.org/serve-static/-/serve-static-2.2.1.tgz 0ms (cache hit)
2018 http cache statuses@https://registry.npmjs.org/statuses/-/statuses-2.0.2.tgz 0ms (cache hit)
2019 http cache qs@https://registry.npmjs.org/qs/-/qs-6.14.1.tgz 0ms (cache hit)
2020 http cache bytes@https://registry.npmjs.org/bytes/-/bytes-3.1.2.tgz 0ms (cache hit)
2021 http cache once@https://registry.npmjs.org/once/-/once-1.4.0.tgz 0ms (cache hit)
2022 http cache router@https://registry.npmjs.org/router/-/router-2.2.0.tgz 0ms (cache hit)
2023 http cache on-finished@https://registry.npmjs.org/on-finished/-/on-finished-2.4.1.tgz 0ms (cache hit)
2024 http cache parseurl@https://registry.npmjs.org/parseurl/-/parseurl-1.3.3.tgz 0ms (cache hit)
2025 http cache http-errors@https://registry.npmjs.org/http-errors/-/http-errors-2.0.1.tgz 0ms (cache hit)
2026 http cache fresh@https://registry.npmjs.org/fresh/-/fresh-2.0.0.tgz 0ms (cache hit)
2027 http cache proxy-addr@https://registry.npmjs.org/proxy-addr/-/proxy-addr-2.0.7.tgz 0ms (cache hit)
2028 http cache merge-descriptors@https://registry.npmjs.org/merge-descriptors/-/merge-descriptors-2.0.0.tgz 0ms (cache hit)
2029 http cache escape-html@https://registry.npmjs.org/escape-html/-/escape-html-1.0.3.tgz 0ms (cache hit)
2030 http cache cookie-signature@https://registry.npmjs.org/cookie-signature/-/cookie-signature-1.2.2.tgz 0ms (cache hit)
2031 http cache mime-types@https://registry.npmjs.org/mime-types/-/mime-types-3.0.2.tgz 0ms (cache hit)
2032 http cache etag@https://registry.npmjs.org/etag/-/etag-1.8.1.tgz 0ms (cache hit)
2033 http cache encodeurl@https://registry.npmjs.org/encodeurl/-/encodeurl-2.0.0.tgz 0ms (cache hit)
2034 http cache body-parser@https://registry.npmjs.org/body-parser/-/body-parser-2.2.2.tgz 0ms (cache hit)
2035 http cache depd@https://registry.npmjs.org/depd/-/depd-2.0.0.tgz 0ms (cache hit)
2036 http cache signal-exit@https://registry.npmjs.org/signal-exit/-/signal-exit-4.1.0.tgz 0ms (cache hit)
2037 http cache content-disposition@https://registry.npmjs.org/content-disposition/-/content-disposition-1.0.1.tgz 0ms (cache hit)
2038 http cache yoctocolors@https://registry.npmjs.org/yoctocolors/-/yoctocolors-2.1.2.tgz 0ms (cache hit)
2039 http cache pretty-ms@https://registry.npmjs.org/pretty-ms/-/pretty-ms-9.3.0.tgz 0ms (cache hit)
2040 http cache npm-run-path@https://registry.npmjs.org/npm-run-path/-/npm-run-path-6.0.0.tgz 0ms (cache hit)
2041 http cache is-plain-obj@https://registry.npmjs.org/is-plain-obj/-/is-plain-obj-4.1.0.tgz 0ms (cache hit)
2042 http cache is-stream@https://registry.npmjs.org/is-stream/-/is-stream-4.0.1.tgz 0ms (cache hit)
2043 http cache finalhandler@https://registry.npmjs.org/finalhandler/-/finalhandler-2.1.1.tgz 0ms (cache hit)
2044 http cache human-signals@https://registry.npmjs.org/human-signals/-/human-signals-8.0.1.tgz 0ms (cache hit)
2045 http cache strip-final-newline@https://registry.npmjs.org/strip-final-newline/-/strip-final-newline-4.0.0.tgz 0ms (cache hit)
2046 http cache @noble/hashes@https://registry.npmjs.org/@noble/hashes/-/hashes-1.8.0.tgz 0ms (cache hit)
2047 http cache @noble/ciphers@https://registry.npmjs.org/@noble/ciphers/-/ciphers-1.3.0.tgz 0ms (cache hit)
2048 http cache get-stream@https://registry.npmjs.org/get-stream/-/get-stream-9.0.1.tgz 0ms (cache hit)
2049 http cache @noble/curves@https://registry.npmjs.org/@noble/curves/-/curves-1.9.7.tgz 0ms (cache hit)
2050 http cache @sindresorhus/merge-streams@https://registry.npmjs.org/@sindresorhus/merge-streams/-/merge-streams-4.0.0.tgz 0ms (cache hit)
2051 http cache shebang-command@https://registry.npmjs.org/shebang-command/-/shebang-command-2.0.0.tgz 0ms (cache hit)
2052 http cache ms@https://registry.npmjs.org/ms/-/ms-2.1.3.tgz 0ms (cache hit)
2053 http cache @ecies/ciphers@https://registry.npmjs.org/@ecies/ciphers/-/ciphers-0.2.5.tgz 0ms (cache hit)
2054 http cache figures@https://registry.npmjs.org/figures/-/figures-6.1.0.tgz 0ms (cache hit)
2055 http cache path-key@https://registry.npmjs.org/path-key/-/path-key-3.1.1.tgz 0ms (cache hit)
2056 http cache env-paths@https://registry.npmjs.org/env-paths/-/env-paths-2.2.1.tgz 0ms (cache hit)
2057 http cache import-fresh@https://registry.npmjs.org/import-fresh/-/import-fresh-3.3.1.tgz 0ms (cache hit)
2058 http cache vary@https://registry.npmjs.org/vary/-/vary-1.1.2.tgz 0ms (cache hit)
2059 http cache js-yaml@https://registry.npmjs.org/js-yaml/-/js-yaml-4.1.1.tgz 0ms (cache hit)
2060 http cache caniuse-lite@https://registry.npmjs.org/caniuse-lite/-/caniuse-lite-1.0.30001765.tgz 0ms (cache hit)
2061 http cache parse-json@https://registry.npmjs.org/parse-json/-/parse-json-5.2.0.tgz 0ms (cache hit)
2062 http cache object-assign@https://registry.npmjs.org/object-assign/-/object-assign-4.1.1.tgz 0ms (cache hit)
2063 http cache electron-to-chromium@https://registry.npmjs.org/electron-to-chromium/-/electron-to-chromium-1.5.267.tgz 0ms (cache hit)
2064 http cache node-releases@https://registry.npmjs.org/node-releases/-/node-releases-2.0.27.tgz 0ms (cache hit)
2065 http cache update-browserslist-db@https://registry.npmjs.org/update-browserslist-db/-/update-browserslist-db-1.2.3.tgz 0ms (cache hit)
2066 http cache raw-body@https://registry.npmjs.org/raw-body/-/raw-body-3.0.2.tgz 0ms (cache hit)
2067 http cache require-from-string@https://registry.npmjs.org/require-from-string/-/require-from-string-2.0.2.tgz 0ms (cache hit)
2068 http cache accepts@https://registry.npmjs.org/accepts/-/accepts-2.0.0.tgz 0ms (cache hit)
2069 http cache json-schema-typed@https://registry.npmjs.org/json-schema-typed/-/json-schema-typed-8.0.2.tgz 0ms (cache hit)
2070 http cache baseline-browser-mapping@https://registry.npmjs.org/baseline-browser-mapping/-/baseline-browser-mapping-2.9.16.tgz 0ms (cache hit)
2071 http cache jose@https://registry.npmjs.org/jose/-/jose-6.1.3.tgz 0ms (cache hit)
2072 http cache pkce-challenge@https://registry.npmjs.org/pkce-challenge/-/pkce-challenge-5.0.1.tgz 0ms (cache hit)
2073 http cache cookie@https://registry.npmjs.org/cookie/-/cookie-0.7.2.tgz 0ms (cache hit)
2074 http cache json-schema-traverse@https://registry.npmjs.org/json-schema-traverse/-/json-schema-traverse-1.0.0.tgz 0ms (cache hit)
2075 http cache cross-spawn@https://registry.npmjs.org/cross-spawn/-/cross-spawn-7.0.6.tgz 0ms (cache hit)
2076 http cache express-rate-limit@https://registry.npmjs.org/express-rate-limit/-/express-rate-limit-7.5.1.tgz 0ms (cache hit)
2077 http cache eventsource-parser@https://registry.npmjs.org/eventsource-parser/-/eventsource-parser-3.0.6.tgz 0ms (cache hit)
2078 http cache cors@https://registry.npmjs.org/cors/-/cors-2.8.5.tgz 0ms (cache hit)
2079 http cache eventsource@https://registry.npmjs.org/eventsource/-/eventsource-3.0.7.tgz 0ms (cache hit)
2080 http cache fast-deep-equal@https://registry.npmjs.org/fast-deep-equal/-/fast-deep-equal-3.1.3.tgz 0ms (cache hit)
2081 http cache express@https://registry.npmjs.org/express/-/express-5.2.1.tgz 0ms (cache hit)
2082 http cache ajv-formats@https://registry.npmjs.org/ajv-formats/-/ajv-formats-3.0.1.tgz 0ms (cache hit)
2083 http cache fast-uri@https://registry.npmjs.org/fast-uri/-/fast-uri-3.1.0.tgz 0ms (cache hit)
2084 http cache hono@https://registry.npmjs.org/hono/-/hono-4.11.4.tgz 0ms (cache hit)
2085 http cache @hono/node-server@https://registry.npmjs.org/@hono/node-server/-/node-server-1.19.9.tgz 0ms (cache hit)
2086 http cache @jridgewell/resolve-uri@https://registry.npmjs.org/@jridgewell/resolve-uri/-/resolve-uri-3.1.2.tgz 0ms (cache hit)
2087 http cache picomatch@https://registry.npmjs.org/picomatch/-/picomatch-4.0.3.tgz 0ms (cache hit)
2088 http cache @jridgewell/sourcemap-codec@https://registry.npmjs.org/@jridgewell/sourcemap-codec/-/sourcemap-codec-1.5.5.tgz 0ms (cache hit)
2089 http cache which@https://registry.npmjs.org/which/-/which-4.0.0.tgz 0ms (cache hit)
2090 http cache ajv@https://registry.npmjs.org/ajv/-/ajv-8.17.1.tgz 0ms (cache hit)
2091 http cache ignore@https://registry.npmjs.org/ignore/-/ignore-5.3.2.tgz 0ms (cache hit)
2092 http cache fdir@https://registry.npmjs.org/fdir/-/fdir-6.5.0.tgz 0ms (cache hit)
2093 http cache content-type@https://registry.npmjs.org/content-type/-/content-type-1.0.5.tgz 0ms (cache hit)
2094 http cache dotenv@https://registry.npmjs.org/dotenv/-/dotenv-17.2.3.tgz 0ms (cache hit)
2095 http cache @babel/helper-string-parser@https://registry.npmjs.org/@babel/helper-string-parser/-/helper-string-parser-7.27.1.tgz 0ms (cache hit)
2096 http cache object-treeify@https://registry.npmjs.org/object-treeify/-/object-treeify-1.1.33.tgz 0ms (cache hit)
2097 http cache @babel/helper-globals@https://registry.npmjs.org/@babel/helper-globals/-/helper-globals-7.28.0.tgz 0ms (cache hit)
2098 http cache @babel/plugin-transform-modules-commonjs@https://registry.npmjs.org/@babel/plugin-transform-modules-commonjs/-/plugin-transform-modules-commonjs-7.28.6.tgz 0ms (cache hit)
2099 http cache eciesjs@https://registry.npmjs.org/eciesjs/-/eciesjs-0.4.16.tgz 0ms (cache hit)
2100 http cache @babel/plugin-syntax-jsx@https://registry.npmjs.org/@babel/plugin-syntax-jsx/-/plugin-syntax-jsx-7.28.6.tgz 0ms (cache hit)
2101 http cache @babel/helper-optimise-call-expression@https://registry.npmjs.org/@babel/helper-optimise-call-expression/-/helper-optimise-call-expression-7.27.1.tgz 0ms (cache hit)
2102 http cache @babel/helper-member-expression-to-functions@https://registry.npmjs.org/@babel/helper-member-expression-to-functions/-/helper-member-expression-to-functions-7.28.5.tgz 0ms (cache hit)
2103 http cache @babel/helper-replace-supers@https://registry.npmjs.org/@babel/helper-replace-supers/-/helper-replace-supers-7.28.6.tgz 0ms (cache hit)
2104 http cache @babel/plugin-syntax-typescript@https://registry.npmjs.org/@babel/plugin-syntax-typescript/-/plugin-syntax-typescript-7.28.6.tgz 0ms (cache hit)
2105 http cache @babel/helper-annotate-as-pure@https://registry.npmjs.org/@babel/helper-annotate-as-pure/-/helper-annotate-as-pure-7.27.3.tgz 0ms (cache hit)
2106 http cache @babel/helper-plugin-utils@https://registry.npmjs.org/@babel/helper-plugin-utils/-/helper-plugin-utils-7.28.6.tgz 0ms (cache hit)
2107 http cache lru-cache@https://registry.npmjs.org/lru-cache/-/lru-cache-5.1.1.tgz 0ms (cache hit)
2108 http cache @babel/helper-module-imports@https://registry.npmjs.org/@babel/helper-module-imports/-/helper-module-imports-7.28.6.tgz 0ms (cache hit)
2109 http cache @babel/helper-validator-option@https://registry.npmjs.org/@babel/helper-validator-option/-/helper-validator-option-7.27.1.tgz 0ms (cache hit)
2110 http cache @jridgewell/trace-mapping@https://registry.npmjs.org/@jridgewell/trace-mapping/-/trace-mapping-0.3.31.tgz 0ms (cache hit)
2111 http cache @babel/compat-data@https://registry.npmjs.org/@babel/compat-data/-/compat-data-7.28.6.tgz 0ms (cache hit)
2112 http cache @jridgewell/gen-mapping@https://registry.npmjs.org/@jridgewell/gen-mapping/-/gen-mapping-0.3.13.tgz 0ms (cache hit)
2113 http cache @babel/helper-create-class-features-plugin@https://registry.npmjs.org/@babel/helper-create-class-features-plugin/-/helper-create-class-features-plugin-7.28.6.tgz 0ms (cache hit)
2114 http cache js-tokens@https://registry.npmjs.org/js-tokens/-/js-tokens-4.0.0.tgz 0ms (cache hit)
2115 http cache picocolors@https://registry.npmjs.org/picocolors/-/picocolors-1.1.1.tgz 0ms (cache hit)
2116 http cache jsesc@https://registry.npmjs.org/jsesc/-/jsesc-3.1.0.tgz 0ms (cache hit)
2117 http cache @babel/helper-validator-identifier@https://registry.npmjs.org/@babel/helper-validator-identifier/-/helper-validator-identifier-7.28.5.tgz 0ms (cache hit)
2118 http cache json5@https://registry.npmjs.org/json5/-/json5-2.2.3.tgz 0ms (cache hit)
2119 http cache gensync@https://registry.npmjs.org/gensync/-/gensync-1.0.0-beta.2.tgz 0ms (cache hit)
2120 http cache semver@https://registry.npmjs.org/semver/-/semver-6.3.1.tgz 0ms (cache hit)
2121 http cache convert-source-map@https://registry.npmjs.org/convert-source-map/-/convert-source-map-2.0.0.tgz 0ms (cache hit)
2122 http cache debug@https://registry.npmjs.org/debug/-/debug-4.4.3.tgz 0ms (cache hit)
2123 http cache @babel/helper-skip-transparent-expression-wrappers@https://registry.npmjs.org/@babel/helper-skip-transparent-expression-wrappers/-/helper-skip-transparent-expression-wrappers-7.27.1.tgz 0ms (cache hit)
2124 http cache @babel/traverse@https://registry.npmjs.org/@babel/traverse/-/traverse-7.28.6.tgz 0ms (cache hit)
2125 http cache @babel/types@https://registry.npmjs.org/@babel/types/-/types-7.28.6.tgz 0ms (cache hit)
2126 http cache @babel/template@https://registry.npmjs.org/@babel/template/-/template-7.28.6.tgz 0ms (cache hit)
2127 http cache @jridgewell/remapping@https://registry.npmjs.org/@jridgewell/remapping/-/remapping-2.3.5.tgz 0ms (cache hit)
2128 http cache @babel/helper-compilation-targets@https://registry.npmjs.org/@babel/helper-compilation-targets/-/helper-compilation-targets-7.28.6.tgz 0ms (cache hit)
2129 http cache tinyexec@https://registry.npmjs.org/tinyexec/-/tinyexec-1.0.2.tgz 0ms (cache hit)
2130 http cache @babel/helpers@https://registry.npmjs.org/@babel/helpers/-/helpers-7.28.6.tgz 0ms (cache hit)
2131 http cache @babel/helper-module-transforms@https://registry.npmjs.org/@babel/helper-module-transforms/-/helper-module-transforms-7.28.6.tgz 0ms (cache hit)
2132 http cache package-manager-detector@https://registry.npmjs.org/package-manager-detector/-/package-manager-detector-1.6.0.tgz 0ms (cache hit)
2133 http cache @babel/code-frame@https://registry.npmjs.org/@babel/code-frame/-/code-frame-7.28.6.tgz 0ms (cache hit)
2134 http cache ansis@https://registry.npmjs.org/ansis/-/ansis-4.2.0.tgz 0ms (cache hit)
2135 http cache zod-to-json-schema@https://registry.npmjs.org/zod-to-json-schema/-/zod-to-json-schema-3.25.1.tgz 0ms (cache hit)
2136 http cache fzf@https://registry.npmjs.org/fzf/-/fzf-0.5.2.tgz 0ms (cache hit)
2137 http cache zod@https://registry.npmjs.org/zod/-/zod-3.25.76.tgz 0ms (cache hit)
2138 http cache ts-morph@https://registry.npmjs.org/ts-morph/-/ts-morph-26.0.0.tgz 0ms (cache hit)
2139 http cache @babel/generator@https://registry.npmjs.org/@babel/generator/-/generator-7.28.6.tgz 0ms (cache hit)
2140 http cache validate-npm-package-name@https://registry.npmjs.org/validate-npm-package-name/-/validate-npm-package-name-7.0.2.tgz 0ms (cache hit)
2141 http cache postcss-selector-parser@https://registry.npmjs.org/postcss-selector-parser/-/postcss-selector-parser-7.1.1.tgz 0ms (cache hit)
2142 http cache postcss@https://registry.npmjs.org/postcss/-/postcss-8.5.6.tgz 0ms (cache hit)
2143 http cache tsconfig-paths@https://registry.npmjs.org/tsconfig-paths/-/tsconfig-paths-4.2.0.tgz 0ms (cache hit)
2144 http cache msw@https://registry.npmjs.org/msw/-/msw-2.12.7.tgz 0ms (cache hit)
2145 http cache stringify-object@https://registry.npmjs.org/stringify-object/-/stringify-object-5.0.0.tgz 0ms (cache hit)
2146 http cache open@https://registry.npmjs.org/open/-/open-11.0.0.tgz 0ms (cache hit)
2147 http cache recast@https://registry.npmjs.org/recast/-/recast-0.23.11.tgz 0ms (cache hit)
2148 http cache prompts@https://registry.npmjs.org/prompts/-/prompts-2.4.2.tgz 0ms (cache hit)
2149 http cache kleur@https://registry.npmjs.org/kleur/-/kleur-4.1.5.tgz 0ms (cache hit)
2150 http cache https-proxy-agent@https://registry.npmjs.org/https-proxy-agent/-/https-proxy-agent-7.0.6.tgz 0ms (cache hit)
2151 http cache ora@https://registry.npmjs.org/ora/-/ora-8.2.0.tgz 0ms (cache hit)
2152 http cache fuzzysort@https://registry.npmjs.org/fuzzysort/-/fuzzysort-3.1.0.tgz 0ms (cache hit)
2153 http cache execa@https://registry.npmjs.org/execa/-/execa-9.6.1.tgz 0ms (cache hit)
2154 http cache node-fetch@https://registry.npmjs.org/node-fetch/-/node-fetch-3.3.2.tgz 0ms (cache hit)
2155 http cache fast-glob@https://registry.npmjs.org/fast-glob/-/fast-glob-3.3.3.tgz 0ms (cache hit)
2156 http cache fs-extra@https://registry.npmjs.org/fs-extra/-/fs-extra-11.3.3.tgz 0ms (cache hit)
2157 http cache dedent@https://registry.npmjs.org/dedent/-/dedent-1.7.1.tgz 0ms (cache hit)
2158 http cache deepmerge@https://registry.npmjs.org/deepmerge/-/deepmerge-4.3.1.tgz 0ms (cache hit)
2159 http cache browserslist@https://registry.npmjs.org/browserslist/-/browserslist-4.28.1.tgz 0ms (cache hit)
2160 http cache commander@https://registry.npmjs.org/commander/-/commander-14.0.2.tgz 0ms (cache hit)
2161 http cache cosmiconfig@https://registry.npmjs.org/cosmiconfig/-/cosmiconfig-9.0.0.tgz 0ms (cache hit)
2162 http cache diff@https://registry.npmjs.org/diff/-/diff-8.0.3.tgz 0ms (cache hit)
2163 http cache @babel/preset-typescript@https://registry.npmjs.org/@babel/preset-typescript/-/preset-typescript-7.28.5.tgz 0ms (cache hit)
2164 http cache @types/validate-npm-package-name@https://registry.npmjs.org/@types/validate-npm-package-name/-/validate-npm-package-name-4.0.2.tgz 0ms (cache hit)
2165 http cache @modelcontextprotocol/sdk@https://registry.npmjs.org/@modelcontextprotocol/sdk/-/sdk-1.25.3.tgz 0ms (cache hit)
2166 http cache @antfu/ni@https://registry.npmjs.org/@antfu/ni/-/ni-25.0.0.tgz 0ms (cache hit)
2167 http cache @dotenvx/dotenvx@https://registry.npmjs.org/@dotenvx/dotenvx/-/dotenvx-1.51.4.tgz 0ms (cache hit)
2168 http cache strip-ansi@https://registry.npmjs.org/strip-ansi/-/strip-ansi-6.0.1.tgz 0ms (cache hit)
2169 http cache @babel/core@https://registry.npmjs.org/@babel/core/-/core-7.28.6.tgz 0ms (cache hit)
2170 http cache @babel/plugin-transform-typescript@https://registry.npmjs.org/@babel/plugin-transform-typescript/-/plugin-transform-typescript-7.28.6.tgz 0ms (cache hit)
2171 http cache emoji-regex@https://registry.npmjs.org/emoji-regex/-/emoji-regex-8.0.0.tgz 0ms (cache hit)
2172 http cache shadcn@https://registry.npmjs.org/shadcn/-/shadcn-3.7.0.tgz 0ms (cache hit)
2173 http cache string-width@https://registry.npmjs.org/string-width/-/string-width-4.2.3.tgz 0ms (cache hit)
2174 http cache emoji-regex@https://registry.npmjs.org/emoji-regex/-/emoji-regex-8.0.0.tgz 0ms (cache hit)
2175 http cache wrap-ansi@https://registry.npmjs.org/wrap-ansi/-/wrap-ansi-7.0.0.tgz 0ms (cache hit)
2176 http cache ansi-regex@https://registry.npmjs.org/ansi-regex/-/ansi-regex-5.0.1.tgz 0ms (cache hit)
2177 http cache @babel/parser@https://registry.npmjs.org/@babel/parser/-/parser-7.28.6.tgz 0ms (cache hit)
2178 http cache is-unicode-supported@https://registry.npmjs.org/is-unicode-supported/-/is-unicode-supported-1.3.0.tgz 0ms (cache hit)
2179 http cache ansi-regex@https://registry.npmjs.org/ansi-regex/-/ansi-regex-5.0.1.tgz 0ms (cache hit)
2180 http cache string-width@https://registry.npmjs.org/string-width/-/string-width-4.2.3.tgz 0ms (cache hit)
2181 http cache emoji-regex@https://registry.npmjs.org/emoji-regex/-/emoji-regex-8.0.0.tgz 0ms (cache hit)
2182 http cache strip-ansi@https://registry.npmjs.org/strip-ansi/-/strip-ansi-6.0.1.tgz 0ms (cache hit)
2183 http cache ansi-regex@https://registry.npmjs.org/ansi-regex/-/ansi-regex-5.0.1.tgz 0ms (cache hit)
2184 http cache path-to-regexp@https://registry.npmjs.org/path-to-regexp/-/path-to-regexp-8.3.0.tgz 0ms (cache hit)
2185 http cache path-key@https://registry.npmjs.org/path-key/-/path-key-4.0.0.tgz 0ms (cache hit)
2186 http cache which@https://registry.npmjs.org/which/-/which-2.0.2.tgz 0ms (cache hit)
2187 http cache picomatch@https://registry.npmjs.org/picomatch/-/picomatch-2.3.1.tgz 0ms (cache hit)
2188 http cache isexe@https://registry.npmjs.org/isexe/-/isexe-2.0.0.tgz 0ms (cache hit)
2189 http cache cookie@https://registry.npmjs.org/cookie/-/cookie-1.1.1.tgz 0ms (cache hit)
2190 http cache kleur@https://registry.npmjs.org/kleur/-/kleur-3.0.3.tgz 0ms (cache hit)
2191 http cache strip-ansi@https://registry.npmjs.org/strip-ansi/-/strip-ansi-6.0.1.tgz 0ms (cache hit)
2192 http cache strip-final-newline@https://registry.npmjs.org/strip-final-newline/-/strip-final-newline-2.0.0.tgz 0ms (cache hit)
2193 http cache signal-exit@https://registry.npmjs.org/signal-exit/-/signal-exit-3.0.7.tgz 0ms (cache hit)
2194 http cache is-stream@https://registry.npmjs.org/is-stream/-/is-stream-2.0.1.tgz 0ms (cache hit)
2195 http cache npm-run-path@https://registry.npmjs.org/npm-run-path/-/npm-run-path-4.0.1.tgz 0ms (cache hit)
2196 http cache get-stream@https://registry.npmjs.org/get-stream/-/get-stream-6.0.1.tgz 0ms (cache hit)
2197 http cache human-signals@https://registry.npmjs.org/human-signals/-/human-signals-2.1.0.tgz 0ms (cache hit)
2198 http cache string-width@https://registry.npmjs.org/string-width/-/string-width-4.2.3.tgz 0ms (cache hit)
2199 http cache onetime@https://registry.npmjs.org/onetime/-/onetime-5.1.2.tgz 0ms (cache hit)
2200 silly tarball no local data for y18n@https://registry.npmjs.org/y18n/-/y18n-5.0.8.tgz. Extracting by manifest.
2201 silly tarball no local data for get-caller-file@https://registry.npmjs.org/get-caller-file/-/get-caller-file-2.0.5.tgz. Extracting by manifest.
2202 silly tarball no local data for is-fullwidth-code-point@https://registry.npmjs.org/is-fullwidth-code-point/-/is-fullwidth-code-point-3.0.0.tgz. Extracting by manifest.
2203 silly tarball no local data for mimic-fn@https://registry.npmjs.org/mimic-fn/-/mimic-fn-2.1.0.tgz. Extracting by manifest.
2204 silly tarball no local data for require-directory@https://registry.npmjs.org/require-directory/-/require-directory-2.1.1.tgz. Extracting by manifest.
2205 silly tarball no local data for yargs-parser@https://registry.npmjs.org/yargs-parser/-/yargs-parser-21.1.1.tgz. Extracting by manifest.
2206 silly tarball no local data for merge-stream@https://registry.npmjs.org/merge-stream/-/merge-stream-2.0.0.tgz. Extracting by manifest.
2207 silly tarball no local data for color-name@https://registry.npmjs.org/color-name/-/color-name-1.1.4.tgz. Extracting by manifest.
2208 silly tarball no local data for is-wsl@https://registry.npmjs.org/is-wsl/-/is-wsl-3.1.0.tgz. Extracting by manifest.
2209 silly tarball no local data for color-convert@https://registry.npmjs.org/color-convert/-/color-convert-2.0.1.tgz. Extracting by manifest.
2210 silly tarball no local data for ansi-styles@https://registry.npmjs.org/ansi-styles/-/ansi-styles-4.3.0.tgz. Extracting by manifest.
2211 silly tarball no local data for cliui@https://registry.npmjs.org/cliui/-/cliui-8.0.1.tgz. Extracting by manifest.
2212 silly tarball no local data for escalade@https://registry.npmjs.org/escalade/-/escalade-3.2.0.tgz. Extracting by manifest.
2213 silly tarball no local data for isexe@https://registry.npmjs.org/isexe/-/isexe-3.1.1.tgz. Extracting by manifest.
2214 http cache execa@https://registry.npmjs.org/execa/-/execa-5.1.1.tgz 0ms (cache hit)
2215 silly tarball no local data for tagged-tag@https://registry.npmjs.org/tagged-tag/-/tagged-tag-1.0.0.tgz. Extracting by manifest.
2216 silly tarball no local data for path-browserify@https://registry.npmjs.org/path-browserify/-/path-browserify-1.0.1.tgz. Extracting by manifest.
2217 silly tarball no local data for minimist@https://registry.npmjs.org/minimist/-/minimist-1.2.8.tgz. Extracting by manifest.
2218 silly tarball no local data for strip-bom@https://registry.npmjs.org/strip-bom/-/strip-bom-3.0.0.tgz. Extracting by manifest.
2219 silly tarball no local data for @isaacs/brace-expansion@https://registry.npmjs.org/@isaacs/brace-expansion/-/brace-expansion-5.0.0.tgz. Extracting by manifest.
2220 silly tarball no local data for media-typer@https://registry.npmjs.org/media-typer/-/media-typer-1.1.0.tgz. Extracting by manifest.
2221 silly tarball no local data for @isaacs/balanced-match@https://registry.npmjs.org/@isaacs/balanced-match/-/balanced-match-4.0.1.tgz. Extracting by manifest.
2222 silly tarball no local data for minimatch@https://registry.npmjs.org/minimatch/-/minimatch-10.1.1.tgz. Extracting by manifest.
2223 silly tarball no local data for code-block-writer@https://registry.npmjs.org/code-block-writer/-/code-block-writer-13.0.3.tgz. Extracting by manifest.
2224 silly tarball no local data for tldts@https://registry.npmjs.org/tldts/-/tldts-7.0.19.tgz. Extracting by manifest.
2225 silly tarball no local data for tldts-core@https://registry.npmjs.org/tldts-core/-/tldts-core-7.0.19.tgz. Extracting by manifest.
2226 silly tarball no local data for ansi-regex@https://registry.npmjs.org/ansi-regex/-/ansi-regex-6.2.2.tgz. Extracting by manifest.
2227 silly tarball no local data for is-number@https://registry.npmjs.org/is-number/-/is-number-7.0.0.tgz. Extracting by manifest.
2228 silly tarball no local data for is-regexp@https://registry.npmjs.org/is-regexp/-/is-regexp-3.1.0.tgz. Extracting by manifest.
2229 silly tarball no local data for get-east-asian-width@https://registry.npmjs.org/get-east-asian-width/-/get-east-asian-width-1.4.0.tgz. Extracting by manifest.
2230 silly tarball no local data for @ts-morph/common@https://registry.npmjs.org/@ts-morph/common/-/common-0.27.0.tgz. Extracting by manifest.
2231 http cache commander@https://registry.npmjs.org/commander/-/commander-11.1.0.tgz 0ms (cache hit)
2232 silly tarball no local data for dunder-proto@https://registry.npmjs.org/dunder-proto/-/dunder-proto-1.0.1.tgz. Extracting by manifest.
2233 silly tarball no local data for emoji-regex@https://registry.npmjs.org/emoji-regex/-/emoji-regex-10.6.0.tgz. Extracting by manifest.
2234 silly tarball no local data for math-intrinsics@https://registry.npmjs.org/math-intrinsics/-/math-intrinsics-1.1.0.tgz. Extracting by manifest.
2235 silly tarball no local data for hasown@https://registry.npmjs.org/hasown/-/hasown-2.0.2.tgz. Extracting by manifest.
2236 silly tarball no local data for has-symbols@https://registry.npmjs.org/has-symbols/-/has-symbols-1.1.0.tgz. Extracting by manifest.
2237 silly tarball no local data for get-own-enumerable-keys@https://registry.npmjs.org/get-own-enumerable-keys/-/get-own-enumerable-keys-1.0.0.tgz. Extracting by manifest.
2238 silly tarball no local data for is-obj@https://registry.npmjs.org/is-obj/-/is-obj-3.0.0.tgz. Extracting by manifest.
2239 silly tarball no local data for gopd@https://registry.npmjs.org/gopd/-/gopd-1.2.0.tgz. Extracting by manifest.
2240 silly tarball no local data for call-bound@https://registry.npmjs.org/call-bound/-/call-bound-1.0.4.tgz. Extracting by manifest.
2241 silly tarball no local data for es-define-property@https://registry.npmjs.org/es-define-property/-/es-define-property-1.0.1.tgz. Extracting by manifest.
2242 silly tarball no local data for side-channel-weakmap@https://registry.npmjs.org/side-channel-weakmap/-/side-channel-weakmap-1.0.2.tgz. Extracting by manifest.
2243 silly tarball no local data for get-proto@https://registry.npmjs.org/get-proto/-/get-proto-1.0.1.tgz. Extracting by manifest.
2244 silly tarball no local data for function-bind@https://registry.npmjs.org/function-bind/-/function-bind-1.1.2.tgz. Extracting by manifest.
2245 silly tarball no local data for call-bind-apply-helpers@https://registry.npmjs.org/call-bind-apply-helpers/-/call-bind-apply-helpers-1.0.2.tgz. Extracting by manifest.
2246 silly tarball no local data for get-intrinsic@https://registry.npmjs.org/get-intrinsic/-/get-intrinsic-1.3.0.tgz. Extracting by manifest.
2247 silly tarball no local data for side-channel-map@https://registry.npmjs.org/side-channel-map/-/side-channel-map-1.0.1.tgz. Extracting by manifest.
2248 silly tarball no local data for object-inspect@https://registry.npmjs.org/object-inspect/-/object-inspect-1.13.4.tgz. Extracting by manifest.
2249 silly tarball no local data for side-channel-list@https://registry.npmjs.org/side-channel-list/-/side-channel-list-1.0.0.tgz. Extracting by manifest.
2250 silly tarball no local data for queue-microtask@https://registry.npmjs.org/queue-microtask/-/queue-microtask-1.2.3.tgz. Extracting by manifest.
2251 silly tarball no local data for es-object-atoms@https://registry.npmjs.org/es-object-atoms/-/es-object-atoms-1.1.1.tgz. Extracting by manifest.
2252 silly tarball no local data for es-errors@https://registry.npmjs.org/es-errors/-/es-errors-1.3.0.tgz. Extracting by manifest.
2253 silly tarball no local data for is-promise@https://registry.npmjs.org/is-promise/-/is-promise-4.0.0.tgz. Extracting by manifest.
2254 silly tarball no local data for shebang-regex@https://registry.npmjs.org/shebang-regex/-/shebang-regex-3.0.0.tgz. Extracting by manifest.
2255 silly tarball no local data for tiny-invariant@https://registry.npmjs.org/tiny-invariant/-/tiny-invariant-1.3.3.tgz. Extracting by manifest.
2256 silly tarball no local data for source-map@https://registry.npmjs.org/source-map/-/source-map-0.6.1.tgz. Extracting by manifest.
2257 silly tarball no local data for mimic-function@https://registry.npmjs.org/mimic-function/-/mimic-function-5.0.1.tgz. Extracting by manifest.
2258 silly tarball no local data for tslib@https://registry.npmjs.org/tslib/-/tslib-2.8.1.tgz. Extracting by manifest.
2259 silly tarball no local data for onetime@https://registry.npmjs.org/onetime/-/onetime-7.0.0.tgz. Extracting by manifest.
2260 silly tarball no local data for esprima@https://registry.npmjs.org/esprima/-/esprima-4.0.1.tgz. Extracting by manifest.
2261 silly tarball no local data for ast-types@https://registry.npmjs.org/ast-types/-/ast-types-0.16.1.tgz. Extracting by manifest.
2262 silly tarball no local data for unpipe@https://registry.npmjs.org/unpipe/-/unpipe-1.0.0.tgz. Extracting by manifest.
2263 silly tarball no local data for side-channel@https://registry.npmjs.org/side-channel/-/side-channel-1.1.0.tgz. Extracting by manifest.
2264 silly tarball no local data for ipaddr.js@https://registry.npmjs.org/ipaddr.js/-/ipaddr.js-1.9.1.tgz. Extracting by manifest.
2265 silly tarball no local data for forwarded@https://registry.npmjs.org/forwarded/-/forwarded-0.2.0.tgz. Extracting by manifest.
2266 silly tarball no local data for parse-ms@https://registry.npmjs.org/parse-ms/-/parse-ms-4.0.0.tgz. Extracting by manifest.
2267 silly tarball no local data for sisteransi@https://registry.npmjs.org/sisteransi/-/sisteransi-1.0.5.tgz. Extracting by manifest.
2268 silly tarball no local data for source-map-js@https://registry.npmjs.org/source-map-js/-/source-map-js-1.2.1.tgz. Extracting by manifest.
2269 silly tarball no local data for util-deprecate@https://registry.npmjs.org/util-deprecate/-/util-deprecate-1.0.2.tgz. Extracting by manifest.
2270 silly tarball no local data for nanoid@https://registry.npmjs.org/nanoid/-/nanoid-3.3.11.tgz. Extracting by manifest.
2271 silly tarball no local data for lines-and-columns@https://registry.npmjs.org/lines-and-columns/-/lines-and-columns-1.2.4.tgz. Extracting by manifest.
2272 silly tarball no local data for cssesc@https://registry.npmjs.org/cssesc/-/cssesc-3.0.0.tgz. Extracting by manifest.
2273 silly tarball no local data for json-parse-even-better-errors@https://registry.npmjs.org/json-parse-even-better-errors/-/json-parse-even-better-errors-2.3.1.tgz. Extracting by manifest.
2274 silly tarball no local data for error-ex@https://registry.npmjs.org/error-ex/-/error-ex-1.3.4.tgz. Extracting by manifest.
2275 silly tarball no local data for callsites@https://registry.npmjs.org/callsites/-/callsites-3.1.0.tgz. Extracting by manifest.
2276 silly tarball no local data for restore-cursor@https://registry.npmjs.org/restore-cursor/-/restore-cursor-5.1.0.tgz. Extracting by manifest.
2277 silly tarball no local data for is-arrayish@https://registry.npmjs.org/is-arrayish/-/is-arrayish-0.2.1.tgz. Extracting by manifest.
2278 silly tarball no local data for strip-ansi@https://registry.npmjs.org/strip-ansi/-/strip-ansi-7.1.2.tgz. Extracting by manifest.
2279 silly tarball no local data for log-symbols@https://registry.npmjs.org/log-symbols/-/log-symbols-6.0.0.tgz. Extracting by manifest.
2280 silly tarball no local data for stdin-discarder@https://registry.npmjs.org/stdin-discarder/-/stdin-discarder-0.2.2.tgz. Extracting by manifest.
2281 silly tarball no local data for string-width@https://registry.npmjs.org/string-width/-/string-width-7.2.0.tgz. Extracting by manifest.
2282 silly tarball no local data for is-interactive@https://registry.npmjs.org/is-interactive/-/is-interactive-2.0.0.tgz. Extracting by manifest.
2283 silly tarball no local data for cli-cursor@https://registry.npmjs.org/cli-cursor/-/cli-cursor-5.0.0.tgz. Extracting by manifest.
2284 silly tarball no local data for is-docker@https://registry.npmjs.org/is-docker/-/is-docker-3.0.0.tgz. Extracting by manifest.
2285 silly tarball no local data for run-applescript@https://registry.npmjs.org/run-applescript/-/run-applescript-7.1.0.tgz. Extracting by manifest.
2286 silly tarball no local data for chalk@https://registry.npmjs.org/chalk/-/chalk-5.6.2.tgz. Extracting by manifest.
2287 silly tarball no local data for powershell-utils@https://registry.npmjs.org/powershell-utils/-/powershell-utils-0.1.0.tgz. Extracting by manifest.
2288 silly tarball no local data for is-in-ssh@https://registry.npmjs.org/is-in-ssh/-/is-in-ssh-1.0.0.tgz. Extracting by manifest.
2289 silly tarball no local data for is-inside-container@https://registry.npmjs.org/is-inside-container/-/is-inside-container-1.0.0.tgz. Extracting by manifest.
2290 silly tarball no local data for default-browser-id@https://registry.npmjs.org/default-browser-id/-/default-browser-id-5.0.1.tgz. Extracting by manifest.
2291 silly tarball no local data for wsl-utils@https://registry.npmjs.org/wsl-utils/-/wsl-utils-0.3.1.tgz. Extracting by manifest.
2292 silly tarball no local data for define-lazy-prop@https://registry.npmjs.org/define-lazy-prop/-/define-lazy-prop-3.0.0.tgz. Extracting by manifest.
2293 silly tarball no local data for cli-spinners@https://registry.npmjs.org/cli-spinners/-/cli-spinners-2.9.2.tgz. Extracting by manifest.
2294 silly tarball no local data for default-browser@https://registry.npmjs.org/default-browser/-/default-browser-5.4.0.tgz. Extracting by manifest.
2295 silly tarball no local data for wrappy@https://registry.npmjs.org/wrappy/-/wrappy-1.0.2.tgz. Extracting by manifest.
2296 silly tarball no local data for unicorn-magic@https://registry.npmjs.org/unicorn-magic/-/unicorn-magic-0.3.0.tgz. Extracting by manifest.
2297 silly tarball no local data for ee-first@https://registry.npmjs.org/ee-first/-/ee-first-1.1.1.tgz. Extracting by manifest.
2298 silly tarball no local data for bundle-name@https://registry.npmjs.org/bundle-name/-/bundle-name-4.1.0.tgz. Extracting by manifest.
2299 silly tarball no local data for @open-draft/until@https://registry.npmjs.org/@open-draft/until/-/until-2.1.0.tgz. Extracting by manifest.
2300 silly tarball no local data for node-domexception@https://registry.npmjs.org/node-domexception/-/node-domexception-1.0.0.tgz. Extracting by manifest.
2301 silly tarball no local data for web-streams-polyfill@https://registry.npmjs.org/web-streams-polyfill/-/web-streams-polyfill-3.3.3.tgz. Extracting by manifest.
2302 silly tarball no local data for formdata-polyfill@https://registry.npmjs.org/formdata-polyfill/-/formdata-polyfill-4.0.10.tgz. Extracting by manifest.
2303 silly tarball no local data for yoctocolors-cjs@https://registry.npmjs.org/yoctocolors-cjs/-/yoctocolors-cjs-2.1.3.tgz. Extracting by manifest.
2304 silly tarball no local data for fetch-blob@https://registry.npmjs.org/fetch-blob/-/fetch-blob-3.2.0.tgz. Extracting by manifest.
2305 silly tarball no local data for data-uri-to-buffer@https://registry.npmjs.org/data-uri-to-buffer/-/data-uri-to-buffer-4.0.1.tgz. Extracting by manifest.
2306 silly tarball no local data for @open-draft/logger@https://registry.npmjs.org/@open-draft/logger/-/logger-0.3.0.tgz. Extracting by manifest.
2307 silly tarball no local data for wrap-ansi@https://registry.npmjs.org/wrap-ansi/-/wrap-ansi-6.2.0.tgz. Extracting by manifest.
2308 silly tarball no local data for cli-width@https://registry.npmjs.org/cli-width/-/cli-width-4.1.0.tgz. Extracting by manifest.
2309 silly tarball no local data for mute-stream@https://registry.npmjs.org/mute-stream/-/mute-stream-2.0.0.tgz. Extracting by manifest.
2310 silly tarball no local data for yargs@https://registry.npmjs.org/yargs/-/yargs-17.7.2.tgz. Extracting by manifest.
2311 silly tarball no local data for @inquirer/figures@https://registry.npmjs.org/@inquirer/figures/-/figures-1.0.15.tgz. Extracting by manifest.
2312 silly tarball no local data for until-async@https://registry.npmjs.org/until-async/-/until-async-3.0.2.tgz. Extracting by manifest.
2313 silly tarball no local data for @inquirer/core@https://registry.npmjs.org/@inquirer/core/-/core-10.3.2.tgz. Extracting by manifest.
2314 silly tarball no local data for @inquirer/ansi@https://registry.npmjs.org/@inquirer/ansi/-/ansi-1.0.2.tgz. Extracting by manifest.
2315 silly tarball no local data for strict-event-emitter@https://registry.npmjs.org/strict-event-emitter/-/strict-event-emitter-0.5.1.tgz. Extracting by manifest.
2316 silly tarball no local data for tough-cookie@https://registry.npmjs.org/tough-cookie/-/tough-cookie-6.0.0.tgz. Extracting by manifest.
2317 silly tarball no local data for @inquirer/type@https://registry.npmjs.org/@inquirer/type/-/type-3.0.10.tgz. Extracting by manifest.
2318 silly tarball no local data for type-fest@https://registry.npmjs.org/type-fest/-/type-fest-5.4.1.tgz. Extracting by manifest.
2319 silly tarball no local data for outvariant@https://registry.npmjs.org/outvariant/-/outvariant-1.4.3.tgz. Extracting by manifest.
2320 silly tarball no local data for path-to-regexp@https://registry.npmjs.org/path-to-regexp/-/path-to-regexp-6.3.0.tgz. Extracting by manifest.
2321 silly tarball no local data for is-node-process@https://registry.npmjs.org/is-node-process/-/is-node-process-1.2.0.tgz. Extracting by manifest.
2322 silly tarball no local data for @open-draft/deferred-promise@https://registry.npmjs.org/@open-draft/deferred-promise/-/deferred-promise-2.2.0.tgz. Extracting by manifest.
2323 silly tarball no local data for headers-polyfill@https://registry.npmjs.org/headers-polyfill/-/headers-polyfill-4.0.3.tgz. Extracting by manifest.
2324 silly tarball no local data for graphql@https://registry.npmjs.org/graphql/-/graphql-16.12.0.tgz. Extracting by manifest.
2325 silly tarball no local data for @inquirer/confirm@https://registry.npmjs.org/@inquirer/confirm/-/confirm-5.1.21.tgz. Extracting by manifest.
2326 silly tarball no local data for @types/statuses@https://registry.npmjs.org/@types/statuses/-/statuses-2.0.6.tgz. Extracting by manifest.
2327 silly tarball no local data for @mswjs/interceptors@https://registry.npmjs.org/@mswjs/interceptors/-/interceptors-0.40.0.tgz. Extracting by manifest.
2328 silly tarball no local data for to-regex-range@https://registry.npmjs.org/to-regex-range/-/to-regex-range-5.0.1.tgz. Extracting by manifest.
2329 silly tarball no local data for mime-db@https://registry.npmjs.org/mime-db/-/mime-db-1.54.0.tgz. Extracting by manifest.
2330 silly tarball no local data for fill-range@https://registry.npmjs.org/fill-range/-/fill-range-7.1.1.tgz. Extracting by manifest.
2331 silly tarball no local data for rettime@https://registry.npmjs.org/rettime/-/rettime-0.7.0.tgz. Extracting by manifest.
2332 silly tarball no local data for resolve-from@https://registry.npmjs.org/resolve-from/-/resolve-from-4.0.0.tgz. Extracting by manifest.
2333 silly tarball no local data for braces@https://registry.npmjs.org/braces/-/braces-3.0.3.tgz. Extracting by manifest.
2334 silly tarball no local data for argparse@https://registry.npmjs.org/argparse/-/argparse-2.0.1.tgz. Extracting by manifest.
2335 silly tarball no local data for parent-module@https://registry.npmjs.org/parent-module/-/parent-module-1.0.1.tgz. Extracting by manifest.
2336 silly tarball no local data for yallist@https://registry.npmjs.org/yallist/-/yallist-3.1.1.tgz. Extracting by manifest.
2337 silly tarball no local data for inherits@https://registry.npmjs.org/inherits/-/inherits-2.0.4.tgz. Extracting by manifest.
2338 silly tarball no local data for safer-buffer@https://registry.npmjs.org/safer-buffer/-/safer-buffer-2.1.2.tgz. Extracting by manifest.
2339 silly tarball no local data for is-glob@https://registry.npmjs.org/is-glob/-/is-glob-4.0.3.tgz. Extracting by manifest.
2340 silly tarball no local data for setprototypeof@https://registry.npmjs.org/setprototypeof/-/setprototypeof-1.2.0.tgz. Extracting by manifest.
2341 silly tarball no local data for universalify@https://registry.npmjs.org/universalify/-/universalify-2.0.1.tgz. Extracting by manifest.
2342 silly tarball no local data for is-extglob@https://registry.npmjs.org/is-extglob/-/is-extglob-2.1.1.tgz. Extracting by manifest.
2343 silly tarball no local data for toidentifier@https://registry.npmjs.org/toidentifier/-/toidentifier-1.0.1.tgz. Extracting by manifest.
2344 silly tarball no local data for graceful-fs@https://registry.npmjs.org/graceful-fs/-/graceful-fs-4.2.11.tgz. Extracting by manifest.
2345 silly tarball no local data for reusify@https://registry.npmjs.org/reusify/-/reusify-1.1.0.tgz. Extracting by manifest.
2346 silly tarball no local data for run-parallel@https://registry.npmjs.org/run-parallel/-/run-parallel-1.2.0.tgz. Extracting by manifest.
2347 silly tarball no local data for fastq@https://registry.npmjs.org/fastq/-/fastq-1.20.1.tgz. Extracting by manifest.
2348 silly tarball no local data for @sec-ant/readable-stream@https://registry.npmjs.org/@sec-ant/readable-stream/-/readable-stream-0.4.1.tgz. Extracting by manifest.
2349 silly tarball no local data for is-unicode-supported@https://registry.npmjs.org/is-unicode-supported/-/is-unicode-supported-2.1.0.tgz. Extracting by manifest.
2350 silly tarball no local data for @nodelib/fs.scandir@https://registry.npmjs.org/@nodelib/fs.scandir/-/fs.scandir-2.1.5.tgz. Extracting by manifest.
2351 silly tarball no local data for micromatch@https://registry.npmjs.org/micromatch/-/micromatch-4.0.8.tgz. Extracting by manifest.
2352 silly tarball no local data for glob-parent@https://registry.npmjs.org/glob-parent/-/glob-parent-5.1.2.tgz. Extracting by manifest.
2353 silly tarball no local data for agent-base@https://registry.npmjs.org/agent-base/-/agent-base-7.1.4.tgz. Extracting by manifest.
2354 silly tarball no local data for @nodelib/fs.stat@https://registry.npmjs.org/@nodelib/fs.stat/-/fs.stat-2.0.5.tgz. Extracting by manifest.
2355 silly tarball no local data for merge2@https://registry.npmjs.org/merge2/-/merge2-1.4.1.tgz. Extracting by manifest.
2356 silly tarball no local data for @nodelib/fs.walk@https://registry.npmjs.org/@nodelib/fs.walk/-/fs.walk-1.2.8.tgz. Extracting by manifest.
2357 silly tarball no local data for jsonfile@https://registry.npmjs.org/jsonfile/-/jsonfile-6.2.0.tgz. Extracting by manifest.
2358 silly tarball no local data for type-is@https://registry.npmjs.org/type-is/-/type-is-2.0.1.tgz. Extracting by manifest.
2359 silly tarball no local data for iconv-lite@https://registry.npmjs.org/iconv-lite/-/iconv-lite-0.7.2.tgz. Extracting by manifest.
2360 silly tarball no local data for negotiator@https://registry.npmjs.org/negotiator/-/negotiator-1.0.0.tgz. Extracting by manifest.
2361 silly tarball no local data for send@https://registry.npmjs.org/send/-/send-1.2.1.tgz. Extracting by manifest.
2362 silly tarball no local data for range-parser@https://registry.npmjs.org/range-parser/-/range-parser-1.2.1.tgz. Extracting by manifest.
2363 silly tarball no local data for serve-static@https://registry.npmjs.org/serve-static/-/serve-static-2.2.1.tgz. Extracting by manifest.
2364 silly tarball no local data for statuses@https://registry.npmjs.org/statuses/-/statuses-2.0.2.tgz. Extracting by manifest.
2365 silly tarball no local data for qs@https://registry.npmjs.org/qs/-/qs-6.14.1.tgz. Extracting by manifest.
2366 silly tarball no local data for bytes@https://registry.npmjs.org/bytes/-/bytes-3.1.2.tgz. Extracting by manifest.
2367 silly tarball no local data for once@https://registry.npmjs.org/once/-/once-1.4.0.tgz. Extracting by manifest.
2368 silly tarball no local data for router@https://registry.npmjs.org/router/-/router-2.2.0.tgz. Extracting by manifest.
2369 silly tarball no local data for on-finished@https://registry.npmjs.org/on-finished/-/on-finished-2.4.1.tgz. Extracting by manifest.
2370 silly tarball no local data for parseurl@https://registry.npmjs.org/parseurl/-/parseurl-1.3.3.tgz. Extracting by manifest.
2371 silly tarball no local data for http-errors@https://registry.npmjs.org/http-errors/-/http-errors-2.0.1.tgz. Extracting by manifest.
2372 silly tarball no local data for fresh@https://registry.npmjs.org/fresh/-/fresh-2.0.0.tgz. Extracting by manifest.
2373 silly tarball no local data for proxy-addr@https://registry.npmjs.org/proxy-addr/-/proxy-addr-2.0.7.tgz. Extracting by manifest.
2374 silly tarball no local data for merge-descriptors@https://registry.npmjs.org/merge-descriptors/-/merge-descriptors-2.0.0.tgz. Extracting by manifest.
2375 silly tarball no local data for escape-html@https://registry.npmjs.org/escape-html/-/escape-html-1.0.3.tgz. Extracting by manifest.
2376 silly tarball no local data for cookie-signature@https://registry.npmjs.org/cookie-signature/-/cookie-signature-1.2.2.tgz. Extracting by manifest.
2377 silly tarball no local data for mime-types@https://registry.npmjs.org/mime-types/-/mime-types-3.0.2.tgz. Extracting by manifest.
2378 silly tarball no local data for etag@https://registry.npmjs.org/etag/-/etag-1.8.1.tgz. Extracting by manifest.
2379 silly tarball no local data for encodeurl@https://registry.npmjs.org/encodeurl/-/encodeurl-2.0.0.tgz. Extracting by manifest.
2380 silly tarball no local data for body-parser@https://registry.npmjs.org/body-parser/-/body-parser-2.2.2.tgz. Extracting by manifest.
2381 silly tarball no local data for depd@https://registry.npmjs.org/depd/-/depd-2.0.0.tgz. Extracting by manifest.
2382 silly tarball no local data for signal-exit@https://registry.npmjs.org/signal-exit/-/signal-exit-4.1.0.tgz. Extracting by manifest.
2383 silly tarball no local data for content-disposition@https://registry.npmjs.org/content-disposition/-/content-disposition-1.0.1.tgz. Extracting by manifest.
2384 silly tarball no local data for yoctocolors@https://registry.npmjs.org/yoctocolors/-/yoctocolors-2.1.2.tgz. Extracting by manifest.
2385 silly tarball no local data for pretty-ms@https://registry.npmjs.org/pretty-ms/-/pretty-ms-9.3.0.tgz. Extracting by manifest.
2386 silly tarball no local data for npm-run-path@https://registry.npmjs.org/npm-run-path/-/npm-run-path-6.0.0.tgz. Extracting by manifest.
2387 silly tarball no local data for is-plain-obj@https://registry.npmjs.org/is-plain-obj/-/is-plain-obj-4.1.0.tgz. Extracting by manifest.
2388 silly tarball no local data for is-stream@https://registry.npmjs.org/is-stream/-/is-stream-4.0.1.tgz. Extracting by manifest.
2389 silly tarball no local data for finalhandler@https://registry.npmjs.org/finalhandler/-/finalhandler-2.1.1.tgz. Extracting by manifest.
2390 silly tarball no local data for human-signals@https://registry.npmjs.org/human-signals/-/human-signals-8.0.1.tgz. Extracting by manifest.
2391 silly tarball no local data for strip-final-newline@https://registry.npmjs.org/strip-final-newline/-/strip-final-newline-4.0.0.tgz. Extracting by manifest.
2392 silly tarball no local data for @noble/hashes@https://registry.npmjs.org/@noble/hashes/-/hashes-1.8.0.tgz. Extracting by manifest.
2393 silly tarball no local data for @noble/ciphers@https://registry.npmjs.org/@noble/ciphers/-/ciphers-1.3.0.tgz. Extracting by manifest.
2394 silly tarball no local data for get-stream@https://registry.npmjs.org/get-stream/-/get-stream-9.0.1.tgz. Extracting by manifest.
2395 silly tarball no local data for @noble/curves@https://registry.npmjs.org/@noble/curves/-/curves-1.9.7.tgz. Extracting by manifest.
2396 silly tarball no local data for @sindresorhus/merge-streams@https://registry.npmjs.org/@sindresorhus/merge-streams/-/merge-streams-4.0.0.tgz. Extracting by manifest.
2397 silly tarball no local data for shebang-command@https://registry.npmjs.org/shebang-command/-/shebang-command-2.0.0.tgz. Extracting by manifest.
2398 silly tarball no local data for ms@https://registry.npmjs.org/ms/-/ms-2.1.3.tgz. Extracting by manifest.
2399 silly tarball no local data for @ecies/ciphers@https://registry.npmjs.org/@ecies/ciphers/-/ciphers-0.2.5.tgz. Extracting by manifest.
2400 silly tarball no local data for figures@https://registry.npmjs.org/figures/-/figures-6.1.0.tgz. Extracting by manifest.
2401 silly tarball no local data for path-key@https://registry.npmjs.org/path-key/-/path-key-3.1.1.tgz. Extracting by manifest.
2402 silly tarball no local data for env-paths@https://registry.npmjs.org/env-paths/-/env-paths-2.2.1.tgz. Extracting by manifest.
2403 silly tarball no local data for import-fresh@https://registry.npmjs.org/import-fresh/-/import-fresh-3.3.1.tgz. Extracting by manifest.
2404 silly tarball no local data for vary@https://registry.npmjs.org/vary/-/vary-1.1.2.tgz. Extracting by manifest.
2405 silly tarball no local data for js-yaml@https://registry.npmjs.org/js-yaml/-/js-yaml-4.1.1.tgz. Extracting by manifest.
2406 silly tarball no local data for caniuse-lite@https://registry.npmjs.org/caniuse-lite/-/caniuse-lite-1.0.30001765.tgz. Extracting by manifest.
2407 silly tarball no local data for parse-json@https://registry.npmjs.org/parse-json/-/parse-json-5.2.0.tgz. Extracting by manifest.
2408 silly tarball no local data for object-assign@https://registry.npmjs.org/object-assign/-/object-assign-4.1.1.tgz. Extracting by manifest.
2409 silly tarball no local data for electron-to-chromium@https://registry.npmjs.org/electron-to-chromium/-/electron-to-chromium-1.5.267.tgz. Extracting by manifest.
2410 silly tarball no local data for node-releases@https://registry.npmjs.org/node-releases/-/node-releases-2.0.27.tgz. Extracting by manifest.
2411 silly tarball no local data for update-browserslist-db@https://registry.npmjs.org/update-browserslist-db/-/update-browserslist-db-1.2.3.tgz. Extracting by manifest.
2412 silly tarball no local data for raw-body@https://registry.npmjs.org/raw-body/-/raw-body-3.0.2.tgz. Extracting by manifest.
2413 silly tarball no local data for require-from-string@https://registry.npmjs.org/require-from-string/-/require-from-string-2.0.2.tgz. Extracting by manifest.
2414 silly tarball no local data for accepts@https://registry.npmjs.org/accepts/-/accepts-2.0.0.tgz. Extracting by manifest.
2415 silly tarball no local data for json-schema-typed@https://registry.npmjs.org/json-schema-typed/-/json-schema-typed-8.0.2.tgz. Extracting by manifest.
2416 silly tarball no local data for baseline-browser-mapping@https://registry.npmjs.org/baseline-browser-mapping/-/baseline-browser-mapping-2.9.16.tgz. Extracting by manifest.
2417 silly tarball no local data for jose@https://registry.npmjs.org/jose/-/jose-6.1.3.tgz. Extracting by manifest.
2418 silly tarball no local data for pkce-challenge@https://registry.npmjs.org/pkce-challenge/-/pkce-challenge-5.0.1.tgz. Extracting by manifest.
2419 silly tarball no local data for cookie@https://registry.npmjs.org/cookie/-/cookie-0.7.2.tgz. Extracting by manifest.
2420 silly tarball no local data for json-schema-traverse@https://registry.npmjs.org/json-schema-traverse/-/json-schema-traverse-1.0.0.tgz. Extracting by manifest.
2421 silly tarball no local data for cross-spawn@https://registry.npmjs.org/cross-spawn/-/cross-spawn-7.0.6.tgz. Extracting by manifest.
2422 silly tarball no local data for express-rate-limit@https://registry.npmjs.org/express-rate-limit/-/express-rate-limit-7.5.1.tgz. Extracting by manifest.
2423 silly tarball no local data for eventsource-parser@https://registry.npmjs.org/eventsource-parser/-/eventsource-parser-3.0.6.tgz. Extracting by manifest.
2424 silly tarball no local data for cors@https://registry.npmjs.org/cors/-/cors-2.8.5.tgz. Extracting by manifest.
2425 silly tarball no local data for eventsource@https://registry.npmjs.org/eventsource/-/eventsource-3.0.7.tgz. Extracting by manifest.
2426 silly tarball no local data for fast-deep-equal@https://registry.npmjs.org/fast-deep-equal/-/fast-deep-equal-3.1.3.tgz. Extracting by manifest.
2427 silly tarball no local data for express@https://registry.npmjs.org/express/-/express-5.2.1.tgz. Extracting by manifest.
2428 silly tarball no local data for ajv-formats@https://registry.npmjs.org/ajv-formats/-/ajv-formats-3.0.1.tgz. Extracting by manifest.
2429 silly tarball no local data for fast-uri@https://registry.npmjs.org/fast-uri/-/fast-uri-3.1.0.tgz. Extracting by manifest.
2430 silly tarball no local data for hono@https://registry.npmjs.org/hono/-/hono-4.11.4.tgz. Extracting by manifest.
2431 silly tarball no local data for @hono/node-server@https://registry.npmjs.org/@hono/node-server/-/node-server-1.19.9.tgz. Extracting by manifest.
2432 silly tarball no local data for @jridgewell/resolve-uri@https://registry.npmjs.org/@jridgewell/resolve-uri/-/resolve-uri-3.1.2.tgz. Extracting by manifest.
2433 silly tarball no local data for picomatch@https://registry.npmjs.org/picomatch/-/picomatch-4.0.3.tgz. Extracting by manifest.
2434 silly tarball no local data for @jridgewell/sourcemap-codec@https://registry.npmjs.org/@jridgewell/sourcemap-codec/-/sourcemap-codec-1.5.5.tgz. Extracting by manifest.
2435 silly tarball no local data for which@https://registry.npmjs.org/which/-/which-4.0.0.tgz. Extracting by manifest.
2436 silly tarball no local data for ajv@https://registry.npmjs.org/ajv/-/ajv-8.17.1.tgz. Extracting by manifest.
2437 silly tarball no local data for ignore@https://registry.npmjs.org/ignore/-/ignore-5.3.2.tgz. Extracting by manifest.
2438 silly tarball no local data for fdir@https://registry.npmjs.org/fdir/-/fdir-6.5.0.tgz. Extracting by manifest.
2439 silly tarball no local data for content-type@https://registry.npmjs.org/content-type/-/content-type-1.0.5.tgz. Extracting by manifest.
2440 silly tarball no local data for dotenv@https://registry.npmjs.org/dotenv/-/dotenv-17.2.3.tgz. Extracting by manifest.
2441 silly tarball no local data for @babel/helper-string-parser@https://registry.npmjs.org/@babel/helper-string-parser/-/helper-string-parser-7.27.1.tgz. Extracting by manifest.
2442 silly tarball no local data for object-treeify@https://registry.npmjs.org/object-treeify/-/object-treeify-1.1.33.tgz. Extracting by manifest.
2443 silly tarball no local data for @babel/helper-globals@https://registry.npmjs.org/@babel/helper-globals/-/helper-globals-7.28.0.tgz. Extracting by manifest.
2444 silly tarball no local data for @babel/plugin-transform-modules-commonjs@https://registry.npmjs.org/@babel/plugin-transform-modules-commonjs/-/plugin-transform-modules-commonjs-7.28.6.tgz. Extracting by manifest.
2445 silly tarball no local data for eciesjs@https://registry.npmjs.org/eciesjs/-/eciesjs-0.4.16.tgz. Extracting by manifest.
2446 silly tarball no local data for @babel/plugin-syntax-jsx@https://registry.npmjs.org/@babel/plugin-syntax-jsx/-/plugin-syntax-jsx-7.28.6.tgz. Extracting by manifest.
2447 silly tarball no local data for @babel/helper-optimise-call-expression@https://registry.npmjs.org/@babel/helper-optimise-call-expression/-/helper-optimise-call-expression-7.27.1.tgz. Extracting by manifest.
2448 silly tarball no local data for @babel/helper-member-expression-to-functions@https://registry.npmjs.org/@babel/helper-member-expression-to-functions/-/helper-member-expression-to-functions-7.28.5.tgz. Extracting by manifest.
2449 silly tarball no local data for @babel/helper-replace-supers@https://registry.npmjs.org/@babel/helper-replace-supers/-/helper-replace-supers-7.28.6.tgz. Extracting by manifest.
2450 silly tarball no local data for @babel/plugin-syntax-typescript@https://registry.npmjs.org/@babel/plugin-syntax-typescript/-/plugin-syntax-typescript-7.28.6.tgz. Extracting by manifest.
2451 silly tarball no local data for @babel/helper-annotate-as-pure@https://registry.npmjs.org/@babel/helper-annotate-as-pure/-/helper-annotate-as-pure-7.27.3.tgz. Extracting by manifest.
2452 silly tarball no local data for @babel/helper-plugin-utils@https://registry.npmjs.org/@babel/helper-plugin-utils/-/helper-plugin-utils-7.28.6.tgz. Extracting by manifest.
2453 silly tarball no local data for lru-cache@https://registry.npmjs.org/lru-cache/-/lru-cache-5.1.1.tgz. Extracting by manifest.
2454 silly tarball no local data for @babel/helper-module-imports@https://registry.npmjs.org/@babel/helper-module-imports/-/helper-module-imports-7.28.6.tgz. Extracting by manifest.
2455 silly tarball no local data for @babel/helper-validator-option@https://registry.npmjs.org/@babel/helper-validator-option/-/helper-validator-option-7.27.1.tgz. Extracting by manifest.
2456 silly tarball no local data for @jridgewell/trace-mapping@https://registry.npmjs.org/@jridgewell/trace-mapping/-/trace-mapping-0.3.31.tgz. Extracting by manifest.
2457 silly tarball no local data for @babel/compat-data@https://registry.npmjs.org/@babel/compat-data/-/compat-data-7.28.6.tgz. Extracting by manifest.
2458 silly tarball no local data for @jridgewell/gen-mapping@https://registry.npmjs.org/@jridgewell/gen-mapping/-/gen-mapping-0.3.13.tgz. Extracting by manifest.
2459 silly tarball no local data for @babel/helper-create-class-features-plugin@https://registry.npmjs.org/@babel/helper-create-class-features-plugin/-/helper-create-class-features-plugin-7.28.6.tgz. Extracting by manifest.
2460 silly tarball no local data for js-tokens@https://registry.npmjs.org/js-tokens/-/js-tokens-4.0.0.tgz. Extracting by manifest.
2461 silly tarball no local data for picocolors@https://registry.npmjs.org/picocolors/-/picocolors-1.1.1.tgz. Extracting by manifest.
2462 silly tarball no local data for jsesc@https://registry.npmjs.org/jsesc/-/jsesc-3.1.0.tgz. Extracting by manifest.
2463 silly tarball no local data for @babel/helper-validator-identifier@https://registry.npmjs.org/@babel/helper-validator-identifier/-/helper-validator-identifier-7.28.5.tgz. Extracting by manifest.
2464 silly tarball no local data for json5@https://registry.npmjs.org/json5/-/json5-2.2.3.tgz. Extracting by manifest.
2465 silly tarball no local data for gensync@https://registry.npmjs.org/gensync/-/gensync-1.0.0-beta.2.tgz. Extracting by manifest.
2466 silly tarball no local data for semver@https://registry.npmjs.org/semver/-/semver-6.3.1.tgz. Extracting by manifest.
2467 silly tarball no local data for convert-source-map@https://registry.npmjs.org/convert-source-map/-/convert-source-map-2.0.0.tgz. Extracting by manifest.
2468 silly tarball no local data for debug@https://registry.npmjs.org/debug/-/debug-4.4.3.tgz. Extracting by manifest.
2469 silly tarball no local data for @babel/helper-skip-transparent-expression-wrappers@https://registry.npmjs.org/@babel/helper-skip-transparent-expression-wrappers/-/helper-skip-transparent-expression-wrappers-7.27.1.tgz. Extracting by manifest.
2470 silly tarball no local data for @babel/traverse@https://registry.npmjs.org/@babel/traverse/-/traverse-7.28.6.tgz. Extracting by manifest.
2471 silly tarball no local data for @babel/types@https://registry.npmjs.org/@babel/types/-/types-7.28.6.tgz. Extracting by manifest.
2472 silly tarball no local data for @babel/template@https://registry.npmjs.org/@babel/template/-/template-7.28.6.tgz. Extracting by manifest.
2473 silly tarball no local data for @jridgewell/remapping@https://registry.npmjs.org/@jridgewell/remapping/-/remapping-2.3.5.tgz. Extracting by manifest.
2474 silly tarball no local data for @babel/helper-compilation-targets@https://registry.npmjs.org/@babel/helper-compilation-targets/-/helper-compilation-targets-7.28.6.tgz. Extracting by manifest.
2475 silly tarball no local data for tinyexec@https://registry.npmjs.org/tinyexec/-/tinyexec-1.0.2.tgz. Extracting by manifest.
2476 silly tarball no local data for @babel/helpers@https://registry.npmjs.org/@babel/helpers/-/helpers-7.28.6.tgz. Extracting by manifest.
2477 silly tarball no local data for @babel/helper-module-transforms@https://registry.npmjs.org/@babel/helper-module-transforms/-/helper-module-transforms-7.28.6.tgz. Extracting by manifest.
2478 silly tarball no local data for package-manager-detector@https://registry.npmjs.org/package-manager-detector/-/package-manager-detector-1.6.0.tgz. Extracting by manifest.
2479 silly tarball no local data for @babel/code-frame@https://registry.npmjs.org/@babel/code-frame/-/code-frame-7.28.6.tgz. Extracting by manifest.
2480 silly tarball no local data for ansis@https://registry.npmjs.org/ansis/-/ansis-4.2.0.tgz. Extracting by manifest.
2481 silly tarball no local data for zod-to-json-schema@https://registry.npmjs.org/zod-to-json-schema/-/zod-to-json-schema-3.25.1.tgz. Extracting by manifest.
2482 silly tarball no local data for fzf@https://registry.npmjs.org/fzf/-/fzf-0.5.2.tgz. Extracting by manifest.
2483 silly tarball no local data for zod@https://registry.npmjs.org/zod/-/zod-3.25.76.tgz. Extracting by manifest.
2484 silly tarball no local data for ts-morph@https://registry.npmjs.org/ts-morph/-/ts-morph-26.0.0.tgz. Extracting by manifest.
2485 silly tarball no local data for @babel/generator@https://registry.npmjs.org/@babel/generator/-/generator-7.28.6.tgz. Extracting by manifest.
2486 silly tarball no local data for validate-npm-package-name@https://registry.npmjs.org/validate-npm-package-name/-/validate-npm-package-name-7.0.2.tgz. Extracting by manifest.
2487 silly tarball no local data for postcss-selector-parser@https://registry.npmjs.org/postcss-selector-parser/-/postcss-selector-parser-7.1.1.tgz. Extracting by manifest.
2488 silly tarball no local data for postcss@https://registry.npmjs.org/postcss/-/postcss-8.5.6.tgz. Extracting by manifest.
2489 silly tarball no local data for tsconfig-paths@https://registry.npmjs.org/tsconfig-paths/-/tsconfig-paths-4.2.0.tgz. Extracting by manifest.
2490 silly tarball no local data for msw@https://registry.npmjs.org/msw/-/msw-2.12.7.tgz. Extracting by manifest.
2491 silly tarball no local data for stringify-object@https://registry.npmjs.org/stringify-object/-/stringify-object-5.0.0.tgz. Extracting by manifest.
2492 silly tarball no local data for open@https://registry.npmjs.org/open/-/open-11.0.0.tgz. Extracting by manifest.
2493 silly tarball no local data for recast@https://registry.npmjs.org/recast/-/recast-0.23.11.tgz. Extracting by manifest.
2494 silly tarball no local data for prompts@https://registry.npmjs.org/prompts/-/prompts-2.4.2.tgz. Extracting by manifest.
2495 silly tarball no local data for kleur@https://registry.npmjs.org/kleur/-/kleur-4.1.5.tgz. Extracting by manifest.
2496 silly tarball no local data for https-proxy-agent@https://registry.npmjs.org/https-proxy-agent/-/https-proxy-agent-7.0.6.tgz. Extracting by manifest.
2497 silly tarball no local data for ora@https://registry.npmjs.org/ora/-/ora-8.2.0.tgz. Extracting by manifest.
2498 silly tarball no local data for fuzzysort@https://registry.npmjs.org/fuzzysort/-/fuzzysort-3.1.0.tgz. Extracting by manifest.
2499 silly tarball no local data for execa@https://registry.npmjs.org/execa/-/execa-9.6.1.tgz. Extracting by manifest.
2500 silly tarball no local data for node-fetch@https://registry.npmjs.org/node-fetch/-/node-fetch-3.3.2.tgz. Extracting by manifest.
2501 silly tarball no local data for fast-glob@https://registry.npmjs.org/fast-glob/-/fast-glob-3.3.3.tgz. Extracting by manifest.
2502 silly tarball no local data for fs-extra@https://registry.npmjs.org/fs-extra/-/fs-extra-11.3.3.tgz. Extracting by manifest.
2503 silly tarball no local data for dedent@https://registry.npmjs.org/dedent/-/dedent-1.7.1.tgz. Extracting by manifest.
2504 silly tarball no local data for deepmerge@https://registry.npmjs.org/deepmerge/-/deepmerge-4.3.1.tgz. Extracting by manifest.
2505 silly tarball no local data for browserslist@https://registry.npmjs.org/browserslist/-/browserslist-4.28.1.tgz. Extracting by manifest.
2506 silly tarball no local data for commander@https://registry.npmjs.org/commander/-/commander-14.0.2.tgz. Extracting by manifest.
2507 silly tarball no local data for cosmiconfig@https://registry.npmjs.org/cosmiconfig/-/cosmiconfig-9.0.0.tgz. Extracting by manifest.
2508 silly tarball no local data for diff@https://registry.npmjs.org/diff/-/diff-8.0.3.tgz. Extracting by manifest.
2509 silly tarball no local data for @babel/preset-typescript@https://registry.npmjs.org/@babel/preset-typescript/-/preset-typescript-7.28.5.tgz. Extracting by manifest.
2510 silly tarball no local data for @types/validate-npm-package-name@https://registry.npmjs.org/@types/validate-npm-package-name/-/validate-npm-package-name-4.0.2.tgz. Extracting by manifest.
2511 silly tarball no local data for @modelcontextprotocol/sdk@https://registry.npmjs.org/@modelcontextprotocol/sdk/-/sdk-1.25.3.tgz. Extracting by manifest.
2512 silly tarball no local data for @antfu/ni@https://registry.npmjs.org/@antfu/ni/-/ni-25.0.0.tgz. Extracting by manifest.
2513 silly tarball no local data for @dotenvx/dotenvx@https://registry.npmjs.org/@dotenvx/dotenvx/-/dotenvx-1.51.4.tgz. Extracting by manifest.
2514 silly tarball no local data for strip-ansi@https://registry.npmjs.org/strip-ansi/-/strip-ansi-6.0.1.tgz. Extracting by manifest.
2515 silly tarball no local data for @babel/core@https://registry.npmjs.org/@babel/core/-/core-7.28.6.tgz. Extracting by manifest.
2516 silly tarball no local data for @babel/plugin-transform-typescript@https://registry.npmjs.org/@babel/plugin-transform-typescript/-/plugin-transform-typescript-7.28.6.tgz. Extracting by manifest.
2517 silly tarball no local data for emoji-regex@https://registry.npmjs.org/emoji-regex/-/emoji-regex-8.0.0.tgz. Extracting by manifest.
2518 silly tarball no local data for shadcn@https://registry.npmjs.org/shadcn/-/shadcn-3.7.0.tgz. Extracting by manifest.
2519 silly tarball no local data for emoji-regex@https://registry.npmjs.org/emoji-regex/-/emoji-regex-8.0.0.tgz. Extracting by manifest.
2520 silly tarball no local data for string-width@https://registry.npmjs.org/string-width/-/string-width-4.2.3.tgz. Extracting by manifest.
2521 silly tarball no local data for wrap-ansi@https://registry.npmjs.org/wrap-ansi/-/wrap-ansi-7.0.0.tgz. Extracting by manifest.
2522 silly tarball no local data for ansi-regex@https://registry.npmjs.org/ansi-regex/-/ansi-regex-5.0.1.tgz. Extracting by manifest.
2523 silly tarball no local data for @babel/parser@https://registry.npmjs.org/@babel/parser/-/parser-7.28.6.tgz. Extracting by manifest.
2524 silly tarball no local data for is-unicode-supported@https://registry.npmjs.org/is-unicode-supported/-/is-unicode-supported-1.3.0.tgz. Extracting by manifest.
2525 silly tarball no local data for ansi-regex@https://registry.npmjs.org/ansi-regex/-/ansi-regex-5.0.1.tgz. Extracting by manifest.
2526 silly tarball no local data for string-width@https://registry.npmjs.org/string-width/-/string-width-4.2.3.tgz. Extracting by manifest.
2527 silly tarball no local data for emoji-regex@https://registry.npmjs.org/emoji-regex/-/emoji-regex-8.0.0.tgz. Extracting by manifest.
2528 silly tarball no local data for strip-ansi@https://registry.npmjs.org/strip-ansi/-/strip-ansi-6.0.1.tgz. Extracting by manifest.
2529 silly tarball no local data for ansi-regex@https://registry.npmjs.org/ansi-regex/-/ansi-regex-5.0.1.tgz. Extracting by manifest.
2530 silly tarball no local data for path-to-regexp@https://registry.npmjs.org/path-to-regexp/-/path-to-regexp-8.3.0.tgz. Extracting by manifest.
2531 silly tarball no local data for path-key@https://registry.npmjs.org/path-key/-/path-key-4.0.0.tgz. Extracting by manifest.
2532 silly tarball no local data for which@https://registry.npmjs.org/which/-/which-2.0.2.tgz. Extracting by manifest.
2533 silly tarball no local data for picomatch@https://registry.npmjs.org/picomatch/-/picomatch-2.3.1.tgz. Extracting by manifest.
2534 silly tarball no local data for isexe@https://registry.npmjs.org/isexe/-/isexe-2.0.0.tgz. Extracting by manifest.
2535 silly tarball no local data for cookie@https://registry.npmjs.org/cookie/-/cookie-1.1.1.tgz. Extracting by manifest.
2536 silly tarball no local data for kleur@https://registry.npmjs.org/kleur/-/kleur-3.0.3.tgz. Extracting by manifest.
2537 silly tarball no local data for strip-ansi@https://registry.npmjs.org/strip-ansi/-/strip-ansi-6.0.1.tgz. Extracting by manifest.
2538 silly tarball no local data for strip-final-newline@https://registry.npmjs.org/strip-final-newline/-/strip-final-newline-2.0.0.tgz. Extracting by manifest.
2539 silly tarball no local data for signal-exit@https://registry.npmjs.org/signal-exit/-/signal-exit-3.0.7.tgz. Extracting by manifest.
2540 silly tarball no local data for is-stream@https://registry.npmjs.org/is-stream/-/is-stream-2.0.1.tgz. Extracting by manifest.
2541 silly tarball no local data for npm-run-path@https://registry.npmjs.org/npm-run-path/-/npm-run-path-4.0.1.tgz. Extracting by manifest.
2542 silly tarball no local data for get-stream@https://registry.npmjs.org/get-stream/-/get-stream-6.0.1.tgz. Extracting by manifest.
2543 silly tarball no local data for human-signals@https://registry.npmjs.org/human-signals/-/human-signals-2.1.0.tgz. Extracting by manifest.
2544 silly tarball no local data for string-width@https://registry.npmjs.org/string-width/-/string-width-4.2.3.tgz. Extracting by manifest.
2545 silly tarball no local data for onetime@https://registry.npmjs.org/onetime/-/onetime-5.1.2.tgz. Extracting by manifest.
2546 silly tarball no local data for execa@https://registry.npmjs.org/execa/-/execa-5.1.1.tgz. Extracting by manifest.
2547 silly tarball no local data for commander@https://registry.npmjs.org/commander/-/commander-11.1.0.tgz. Extracting by manifest.
2548 http fetch GET 200 https://registry.npmjs.org/merge-stream/-/merge-stream-2.0.0.tgz 293ms (cache miss)
2549 http fetch GET 200 https://registry.npmjs.org/is-fullwidth-code-point/-/is-fullwidth-code-point-3.0.0.tgz 295ms (cache miss)
2550 http fetch GET 200 https://registry.npmjs.org/mimic-fn/-/mimic-fn-2.1.0.tgz 295ms (cache miss)
2551 http fetch GET 200 https://registry.npmjs.org/get-caller-file/-/get-caller-file-2.0.5.tgz 296ms (cache miss)
2552 http fetch GET 200 https://registry.npmjs.org/color-name/-/color-name-1.1.4.tgz 295ms (cache miss)
2553 http fetch GET 200 https://registry.npmjs.org/y18n/-/y18n-5.0.8.tgz 298ms (cache miss)
2554 http fetch GET 200 https://registry.npmjs.org/require-directory/-/require-directory-2.1.1.tgz 296ms (cache miss)
2555 http fetch POST 200 https://registry.npmjs.org/-/npm/v1/security/advisories/bulk 332ms
2556 silly audit report {}
2557 http fetch GET 200 https://registry.npmjs.org/yargs-parser/-/yargs-parser-21.1.1.tgz 298ms (cache miss)
2558 http fetch GET 200 https://registry.npmjs.org/tagged-tag/-/tagged-tag-1.0.0.tgz 425ms (cache miss)
2559 http fetch GET 200 https://registry.npmjs.org/path-browserify/-/path-browserify-1.0.1.tgz 449ms (cache miss)
2560 http fetch GET 200 https://registry.npmjs.org/strip-bom/-/strip-bom-3.0.0.tgz 454ms (cache miss)
2561 http fetch GET 200 https://registry.npmjs.org/media-typer/-/media-typer-1.1.0.tgz 454ms (cache miss)
2562 http fetch GET 200 https://registry.npmjs.org/minimist/-/minimist-1.2.8.tgz 458ms (cache miss)
2563 http fetch GET 200 https://registry.npmjs.org/@isaacs/balanced-match/-/balanced-match-4.0.1.tgz 461ms (cache miss)
2564 http fetch GET 200 https://registry.npmjs.org/code-block-writer/-/code-block-writer-13.0.3.tgz 462ms (cache miss)
2565 http fetch GET 200 https://registry.npmjs.org/@isaacs/brace-expansion/-/brace-expansion-5.0.0.tgz 468ms (cache miss)
2566 http fetch GET 200 https://registry.npmjs.org/minimatch/-/minimatch-10.1.1.tgz 472ms (cache miss)
2567 http fetch GET 200 https://registry.npmjs.org/is-regexp/-/is-regexp-3.1.0.tgz 629ms (cache miss)
2568 http fetch GET 200 https://registry.npmjs.org/ansi-regex/-/ansi-regex-6.2.2.tgz 633ms (cache miss)
2569 http fetch GET 200 https://registry.npmjs.org/tldts-core/-/tldts-core-7.0.19.tgz 634ms (cache miss)
2570 http fetch GET 200 https://registry.npmjs.org/is-number/-/is-number-7.0.0.tgz 643ms (cache miss)
2571 http fetch GET 200 https://registry.npmjs.org/get-east-asian-width/-/get-east-asian-width-1.4.0.tgz 646ms (cache miss)
2572 http fetch GET 200 https://registry.npmjs.org/emoji-regex/-/emoji-regex-10.6.0.tgz 663ms (cache miss)
2573 http fetch GET 200 https://registry.npmjs.org/tldts/-/tldts-7.0.19.tgz 798ms (cache miss)
2574 http fetch GET 200 https://registry.npmjs.org/dunder-proto/-/dunder-proto-1.0.1.tgz 797ms (cache miss)
2575 http fetch GET 200 https://registry.npmjs.org/is-wsl/-/is-wsl-3.1.0.tgz 803ms (cache miss)
2576 http fetch GET 200 https://registry.npmjs.org/escalade/-/escalade-3.2.0.tgz 808ms (cache miss)
2577 http fetch GET 200 https://registry.npmjs.org/color-convert/-/color-convert-2.0.1.tgz 813ms (cache miss)
2578 http fetch GET 200 https://registry.npmjs.org/ansi-styles/-/ansi-styles-4.3.0.tgz 815ms (cache miss)
2579 http fetch GET 200 https://registry.npmjs.org/cliui/-/cliui-8.0.1.tgz 817ms (cache miss)
2580 http fetch GET 200 https://registry.npmjs.org/isexe/-/isexe-3.1.1.tgz 824ms (cache miss)
2581 http fetch GET 200 https://registry.npmjs.org/math-intrinsics/-/math-intrinsics-1.1.0.tgz 825ms (cache miss)
2582 http fetch GET 200 https://registry.npmjs.org/gopd/-/gopd-1.2.0.tgz 835ms (cache miss)
2583 http fetch GET 200 https://registry.npmjs.org/get-own-enumerable-keys/-/get-own-enumerable-keys-1.0.0.tgz 835ms (cache miss)
2584 http fetch GET 200 https://registry.npmjs.org/has-symbols/-/has-symbols-1.1.0.tgz 836ms (cache miss)
2585 http fetch GET 200 https://registry.npmjs.org/hasown/-/hasown-2.0.2.tgz 837ms (cache miss)
2586 http fetch GET 200 https://registry.npmjs.org/is-obj/-/is-obj-3.0.0.tgz 836ms (cache miss)
2587 http fetch GET 200 https://registry.npmjs.org/es-define-property/-/es-define-property-1.0.1.tgz 1003ms (cache miss)
2588 http fetch GET 200 https://registry.npmjs.org/call-bound/-/call-bound-1.0.4.tgz 1005ms (cache miss)
2589 http fetch GET 200 https://registry.npmjs.org/side-channel-weakmap/-/side-channel-weakmap-1.0.2.tgz 1013ms (cache miss)
2590 http fetch GET 200 https://registry.npmjs.org/get-proto/-/get-proto-1.0.1.tgz 1026ms (cache miss)
2591 http fetch GET 200 https://registry.npmjs.org/side-channel-map/-/side-channel-map-1.0.1.tgz 1055ms (cache miss)
2592 http fetch GET 200 https://registry.npmjs.org/call-bind-apply-helpers/-/call-bind-apply-helpers-1.0.2.tgz 1058ms (cache miss)
2593 http fetch GET 200 https://registry.npmjs.org/object-inspect/-/object-inspect-1.13.4.tgz 1067ms (cache miss)
2594 http fetch GET 200 https://registry.npmjs.org/queue-microtask/-/queue-microtask-1.2.3.tgz 1073ms (cache miss)
2595 http fetch GET 200 https://registry.npmjs.org/side-channel-list/-/side-channel-list-1.0.0.tgz 1076ms (cache miss)
2596 http fetch GET 200 https://registry.npmjs.org/es-object-atoms/-/es-object-atoms-1.1.1.tgz 1075ms (cache miss)
2597 http fetch GET 200 https://registry.npmjs.org/es-errors/-/es-errors-1.3.0.tgz 1076ms (cache miss)
2598 http fetch GET 200 https://registry.npmjs.org/is-promise/-/is-promise-4.0.0.tgz 1078ms (cache miss)
2599 http fetch GET 200 https://registry.npmjs.org/function-bind/-/function-bind-1.1.2.tgz 1079ms (cache miss)
2600 http fetch GET 200 https://registry.npmjs.org/@ts-morph/common/-/common-0.27.0.tgz 1085ms (cache miss)
2601 http fetch GET 200 https://registry.npmjs.org/get-intrinsic/-/get-intrinsic-1.3.0.tgz 1129ms (cache miss)
2602 http fetch GET 200 https://registry.npmjs.org/tiny-invariant/-/tiny-invariant-1.3.3.tgz 1162ms (cache miss)
2603 http fetch GET 200 https://registry.npmjs.org/shebang-regex/-/shebang-regex-3.0.0.tgz 1170ms (cache miss)
2604 http fetch GET 200 https://registry.npmjs.org/mimic-function/-/mimic-function-5.0.1.tgz 1221ms (cache miss)
2605 http fetch GET 200 https://registry.npmjs.org/forwarded/-/forwarded-0.2.0.tgz 1325ms (cache miss)
2606 http fetch GET 200 https://registry.npmjs.org/nanoid/-/nanoid-3.3.11.tgz 1324ms (cache miss)
2607 http fetch GET 200 https://registry.npmjs.org/unpipe/-/unpipe-1.0.0.tgz 1325ms (cache miss)
2608 http fetch GET 200 https://registry.npmjs.org/util-deprecate/-/util-deprecate-1.0.2.tgz 1325ms (cache miss)
2609 http fetch GET 200 https://registry.npmjs.org/onetime/-/onetime-7.0.0.tgz 1326ms (cache miss)
2610 http fetch GET 200 https://registry.npmjs.org/side-channel/-/side-channel-1.1.0.tgz 1326ms (cache miss)
2611 http fetch GET 200 https://registry.npmjs.org/ipaddr.js/-/ipaddr.js-1.9.1.tgz 1328ms (cache miss)
2612 http fetch GET 200 https://registry.npmjs.org/tslib/-/tslib-2.8.1.tgz 1329ms (cache miss)
2613 http fetch GET 200 https://registry.npmjs.org/ast-types/-/ast-types-0.16.1.tgz 1366ms (cache miss)
2614 http fetch GET 200 https://registry.npmjs.org/source-map-js/-/source-map-js-1.2.1.tgz 1400ms (cache miss)
2615 http fetch GET 200 https://registry.npmjs.org/esprima/-/esprima-4.0.1.tgz 1440ms (cache miss)
2616 http fetch GET 200 https://registry.npmjs.org/restore-cursor/-/restore-cursor-5.1.0.tgz 1480ms (cache miss)
2617 http fetch GET 200 https://registry.npmjs.org/lines-and-columns/-/lines-and-columns-1.2.4.tgz 1480ms (cache miss)
2618 http fetch GET 200 https://registry.npmjs.org/log-symbols/-/log-symbols-6.0.0.tgz 1479ms (cache miss)
2619 http fetch GET 200 https://registry.npmjs.org/callsites/-/callsites-3.1.0.tgz 1480ms (cache miss)
2620 http fetch GET 200 https://registry.npmjs.org/is-arrayish/-/is-arrayish-0.2.1.tgz 1481ms (cache miss)
2621 http fetch GET 200 https://registry.npmjs.org/error-ex/-/error-ex-1.3.4.tgz 1481ms (cache miss)
2622 http fetch GET 200 https://registry.npmjs.org/strip-ansi/-/strip-ansi-7.1.2.tgz 1481ms (cache miss)
2623 http fetch GET 200 https://registry.npmjs.org/stdin-discarder/-/stdin-discarder-0.2.2.tgz 1480ms (cache miss)
2624 http fetch GET 200 https://registry.npmjs.org/cssesc/-/cssesc-3.0.0.tgz 1485ms (cache miss)
2625 http fetch GET 200 https://registry.npmjs.org/json-parse-even-better-errors/-/json-parse-even-better-errors-2.3.1.tgz 1486ms (cache miss)
2626 http fetch GET 200 https://registry.npmjs.org/sisteransi/-/sisteransi-1.0.5.tgz 1493ms (cache miss)
2627 http fetch GET 200 https://registry.npmjs.org/source-map/-/source-map-0.6.1.tgz 1520ms (cache miss)
2628 http fetch GET 200 https://registry.npmjs.org/parse-ms/-/parse-ms-4.0.0.tgz 1525ms (cache miss)
2629 http fetch GET 200 https://registry.npmjs.org/string-width/-/string-width-7.2.0.tgz 1556ms (cache miss)
2630 http fetch GET 200 https://registry.npmjs.org/is-interactive/-/is-interactive-2.0.0.tgz 1599ms (cache miss)
2631 http fetch GET 200 https://registry.npmjs.org/run-applescript/-/run-applescript-7.1.0.tgz 1616ms (cache miss)
2632 http fetch GET 200 https://registry.npmjs.org/is-docker/-/is-docker-3.0.0.tgz 1624ms (cache miss)
2633 http fetch GET 200 https://registry.npmjs.org/chalk/-/chalk-5.6.2.tgz 1625ms (cache miss)
2634 http fetch GET 200 https://registry.npmjs.org/cli-cursor/-/cli-cursor-5.0.0.tgz 1626ms (cache miss)
2635 http fetch GET 200 https://registry.npmjs.org/default-browser-id/-/default-browser-id-5.0.1.tgz 1625ms (cache miss)
2636 http fetch GET 200 https://registry.npmjs.org/powershell-utils/-/powershell-utils-0.1.0.tgz 1625ms (cache miss)
2637 http fetch GET 200 https://registry.npmjs.org/is-inside-container/-/is-inside-container-1.0.0.tgz 1634ms (cache miss)
2638 http fetch GET 200 https://registry.npmjs.org/define-lazy-prop/-/define-lazy-prop-3.0.0.tgz 1634ms (cache miss)
2639 http fetch GET 200 https://registry.npmjs.org/wsl-utils/-/wsl-utils-0.3.1.tgz 1634ms (cache miss)
2640 http fetch GET 200 https://registry.npmjs.org/is-in-ssh/-/is-in-ssh-1.0.0.tgz 1634ms (cache miss)
2641 http fetch GET 200 https://registry.npmjs.org/cli-spinners/-/cli-spinners-2.9.2.tgz 1638ms (cache miss)
2642 http fetch GET 200 https://registry.npmjs.org/default-browser/-/default-browser-5.4.0.tgz 1662ms (cache miss)
2643 http fetch GET 200 https://registry.npmjs.org/wrappy/-/wrappy-1.0.2.tgz 1672ms (cache miss)
2644 http fetch GET 200 https://registry.npmjs.org/unicorn-magic/-/unicorn-magic-0.3.0.tgz 1706ms (cache miss)
2645 http fetch GET 200 https://registry.npmjs.org/bundle-name/-/bundle-name-4.1.0.tgz 1846ms (cache miss)
2646 http fetch GET 200 https://registry.npmjs.org/@open-draft/until/-/until-2.1.0.tgz 1847ms (cache miss)
2647 http fetch GET 200 https://registry.npmjs.org/yoctocolors-cjs/-/yoctocolors-cjs-2.1.3.tgz 1846ms (cache miss)
2648 http fetch GET 200 https://registry.npmjs.org/node-domexception/-/node-domexception-1.0.0.tgz 1847ms (cache miss)
2649 http fetch GET 200 https://registry.npmjs.org/mute-stream/-/mute-stream-2.0.0.tgz 1845ms (cache miss)
2650 http fetch GET 200 https://registry.npmjs.org/cli-width/-/cli-width-4.1.0.tgz 1846ms (cache miss)
2651 http fetch GET 200 https://registry.npmjs.org/ee-first/-/ee-first-1.1.1.tgz 1849ms (cache miss)
2652 http fetch GET 200 https://registry.npmjs.org/wrap-ansi/-/wrap-ansi-6.2.0.tgz 1849ms (cache miss)
2653 http fetch GET 200 https://registry.npmjs.org/data-uri-to-buffer/-/data-uri-to-buffer-4.0.1.tgz 1853ms (cache miss)
2654 http fetch GET 200 https://registry.npmjs.org/fetch-blob/-/fetch-blob-3.2.0.tgz 1854ms (cache miss)
2655 http fetch GET 200 https://registry.npmjs.org/formdata-polyfill/-/formdata-polyfill-4.0.10.tgz 1855ms (cache miss)
2656 warn deprecated node-domexception@1.0.0: Use your platform's native DOMException instead
2657 http fetch GET 200 https://registry.npmjs.org/@inquirer/figures/-/figures-1.0.15.tgz 1868ms (cache miss)
2658 http fetch GET 200 https://registry.npmjs.org/yargs/-/yargs-17.7.2.tgz 1873ms (cache miss)
2659 http fetch GET 200 https://registry.npmjs.org/@open-draft/logger/-/logger-0.3.0.tgz 1903ms (cache miss)
2660 http fetch GET 200 https://registry.npmjs.org/until-async/-/until-async-3.0.2.tgz 1980ms (cache miss)
2661 http fetch GET 200 https://registry.npmjs.org/strict-event-emitter/-/strict-event-emitter-0.5.1.tgz 1987ms (cache miss)
2662 http fetch GET 200 https://registry.npmjs.org/is-node-process/-/is-node-process-1.2.0.tgz 2007ms (cache miss)
2663 http fetch GET 200 https://registry.npmjs.org/outvariant/-/outvariant-1.4.3.tgz 2018ms (cache miss)
2664 http fetch GET 200 https://registry.npmjs.org/headers-polyfill/-/headers-polyfill-4.0.3.tgz 2027ms (cache miss)
2665 http fetch GET 200 https://registry.npmjs.org/type-fest/-/type-fest-5.4.1.tgz 2049ms (cache miss)
2666 http fetch GET 200 https://registry.npmjs.org/@inquirer/ansi/-/ansi-1.0.2.tgz 2064ms (cache miss)
2667 http fetch GET 200 https://registry.npmjs.org/@open-draft/deferred-promise/-/deferred-promise-2.2.0.tgz 2064ms (cache miss)
2668 http fetch GET 200 https://registry.npmjs.org/tough-cookie/-/tough-cookie-6.0.0.tgz 2067ms (cache miss)
2669 http fetch GET 200 https://registry.npmjs.org/@inquirer/type/-/type-3.0.10.tgz 2068ms (cache miss)
2670 http fetch GET 200 https://registry.npmjs.org/path-to-regexp/-/path-to-regexp-6.3.0.tgz 2104ms (cache miss)
2671 http fetch GET 200 https://registry.npmjs.org/@inquirer/core/-/core-10.3.2.tgz 2128ms (cache miss)
2672 http fetch GET 200 https://registry.npmjs.org/@inquirer/confirm/-/confirm-5.1.21.tgz 2150ms (cache miss)
2673 http fetch GET 200 https://registry.npmjs.org/@types/statuses/-/statuses-2.0.6.tgz 2183ms (cache miss)
2674 http fetch GET 200 https://registry.npmjs.org/to-regex-range/-/to-regex-range-5.0.1.tgz 2200ms (cache miss)
2675 http fetch GET 200 https://registry.npmjs.org/fill-range/-/fill-range-7.1.1.tgz 2252ms (cache miss)
2676 http fetch GET 200 https://registry.npmjs.org/mime-db/-/mime-db-1.54.0.tgz 2258ms (cache miss)
2677 http fetch GET 200 https://registry.npmjs.org/rettime/-/rettime-0.7.0.tgz 2360ms (cache miss)
2678 http fetch GET 200 https://registry.npmjs.org/braces/-/braces-3.0.3.tgz 2359ms (cache miss)
2679 http fetch GET 200 https://registry.npmjs.org/parent-module/-/parent-module-1.0.1.tgz 2360ms (cache miss)
2680 http fetch GET 200 https://registry.npmjs.org/resolve-from/-/resolve-from-4.0.0.tgz 2360ms (cache miss)
2681 http fetch GET 200 https://registry.npmjs.org/argparse/-/argparse-2.0.1.tgz 2361ms (cache miss)
2682 http fetch GET 200 https://registry.npmjs.org/yallist/-/yallist-3.1.1.tgz 2393ms (cache miss)
2683 http fetch GET 200 https://registry.npmjs.org/inherits/-/inherits-2.0.4.tgz 2424ms (cache miss)
2684 http fetch GET 200 https://registry.npmjs.org/safer-buffer/-/safer-buffer-2.1.2.tgz 2451ms (cache miss)
2685 http fetch GET 200 https://registry.npmjs.org/setprototypeof/-/setprototypeof-1.2.0.tgz 2469ms (cache miss)
2686 http fetch GET 200 https://registry.npmjs.org/is-glob/-/is-glob-4.0.3.tgz 2469ms (cache miss)
2687 http fetch GET 200 https://registry.npmjs.org/universalify/-/universalify-2.0.1.tgz 2528ms (cache miss)
2688 http fetch GET 200 https://registry.npmjs.org/graceful-fs/-/graceful-fs-4.2.11.tgz 2550ms (cache miss)
2689 http fetch GET 200 https://registry.npmjs.org/is-extglob/-/is-extglob-2.1.1.tgz 2550ms (cache miss)
2690 http fetch GET 200 https://registry.npmjs.org/run-parallel/-/run-parallel-1.2.0.tgz 2550ms (cache miss)
2691 http fetch GET 200 https://registry.npmjs.org/toidentifier/-/toidentifier-1.0.1.tgz 2550ms (cache miss)
2692 http fetch GET 200 https://registry.npmjs.org/fastq/-/fastq-1.20.1.tgz 2552ms (cache miss)
2693 http fetch GET 200 https://registry.npmjs.org/reusify/-/reusify-1.1.0.tgz 2555ms (cache miss)
2694 http fetch GET 200 https://registry.npmjs.org/web-streams-polyfill/-/web-streams-polyfill-3.3.3.tgz 2563ms (cache miss)
2695 http fetch GET 200 https://registry.npmjs.org/@mswjs/interceptors/-/interceptors-0.40.0.tgz 2576ms (cache miss)
2696 http fetch GET 200 https://registry.npmjs.org/is-unicode-supported/-/is-unicode-supported-2.1.0.tgz 2583ms (cache miss)
2697 http fetch GET 200 https://registry.npmjs.org/@sec-ant/readable-stream/-/readable-stream-0.4.1.tgz 2595ms (cache miss)
2698 http fetch GET 200 https://registry.npmjs.org/graphql/-/graphql-16.12.0.tgz 2621ms (cache miss)
2699 http fetch GET 200 https://registry.npmjs.org/glob-parent/-/glob-parent-5.1.2.tgz 2627ms (cache miss)
2700 http fetch GET 200 https://registry.npmjs.org/@nodelib/fs.scandir/-/fs.scandir-2.1.5.tgz 2632ms (cache miss)
2701 http fetch GET 200 https://registry.npmjs.org/micromatch/-/micromatch-4.0.8.tgz 2648ms (cache miss)
2702 http fetch GET 200 https://registry.npmjs.org/agent-base/-/agent-base-7.1.4.tgz 2672ms (cache miss)
2703 http fetch GET 200 https://registry.npmjs.org/@nodelib/fs.stat/-/fs.stat-2.0.5.tgz 2697ms (cache miss)
2704 http fetch GET 200 https://registry.npmjs.org/jsonfile/-/jsonfile-6.2.0.tgz 2701ms (cache miss)
2705 http fetch GET 200 https://registry.npmjs.org/type-is/-/type-is-2.0.1.tgz 2705ms (cache miss)
2706 http fetch GET 200 https://registry.npmjs.org/negotiator/-/negotiator-1.0.0.tgz 2707ms (cache miss)
2707 http fetch GET 200 https://registry.npmjs.org/merge2/-/merge2-1.4.1.tgz 2707ms (cache miss)
2708 http fetch GET 200 https://registry.npmjs.org/@nodelib/fs.walk/-/fs.walk-1.2.8.tgz 2731ms (cache miss)
2709 http fetch GET 200 https://registry.npmjs.org/iconv-lite/-/iconv-lite-0.7.2.tgz 2740ms (cache miss)
2710 http fetch GET 200 https://registry.npmjs.org/range-parser/-/range-parser-1.2.1.tgz 2743ms (cache miss)
2711 http fetch GET 200 https://registry.npmjs.org/send/-/send-1.2.1.tgz 2744ms (cache miss)
2712 http fetch GET 200 https://registry.npmjs.org/serve-static/-/serve-static-2.2.1.tgz 2746ms (cache miss)
2713 http fetch GET 200 https://registry.npmjs.org/statuses/-/statuses-2.0.2.tgz 2757ms (cache miss)
2714 http fetch GET 200 https://registry.npmjs.org/once/-/once-1.4.0.tgz 2875ms (cache miss)
2715 http fetch GET 200 https://registry.npmjs.org/bytes/-/bytes-3.1.2.tgz 2876ms (cache miss)
2716 http fetch GET 200 https://registry.npmjs.org/router/-/router-2.2.0.tgz 2875ms (cache miss)
2717 http fetch GET 200 https://registry.npmjs.org/on-finished/-/on-finished-2.4.1.tgz 2875ms (cache miss)
2718 http fetch GET 200 https://registry.npmjs.org/fresh/-/fresh-2.0.0.tgz 2875ms (cache miss)
2719 http fetch GET 200 https://registry.npmjs.org/proxy-addr/-/proxy-addr-2.0.7.tgz 2875ms (cache miss)
2720 http fetch GET 200 https://registry.npmjs.org/parseurl/-/parseurl-1.3.3.tgz 2875ms (cache miss)
2721 http fetch GET 200 https://registry.npmjs.org/http-errors/-/http-errors-2.0.1.tgz 2875ms (cache miss)
2722 http fetch GET 200 https://registry.npmjs.org/qs/-/qs-6.14.1.tgz 2881ms (cache miss)
2723 http fetch GET 200 https://registry.npmjs.org/merge-descriptors/-/merge-descriptors-2.0.0.tgz 2886ms (cache miss)
2724 http fetch GET 200 https://registry.npmjs.org/escape-html/-/escape-html-1.0.3.tgz 2890ms (cache miss)
2725 http fetch GET 200 https://registry.npmjs.org/cookie-signature/-/cookie-signature-1.2.2.tgz 2889ms (cache miss)
2726 http fetch GET 200 https://registry.npmjs.org/mime-types/-/mime-types-3.0.2.tgz 2895ms (cache miss)
2727 http fetch GET 200 https://registry.npmjs.org/etag/-/etag-1.8.1.tgz 2916ms (cache miss)
2728 http fetch GET 200 https://registry.npmjs.org/encodeurl/-/encodeurl-2.0.0.tgz 2917ms (cache miss)
2729 http fetch GET 200 https://registry.npmjs.org/yoctocolors/-/yoctocolors-2.1.2.tgz 3036ms (cache miss)
2730 http fetch GET 200 https://registry.npmjs.org/is-plain-obj/-/is-plain-obj-4.1.0.tgz 3035ms (cache miss)
2731 http fetch GET 200 https://registry.npmjs.org/depd/-/depd-2.0.0.tgz 3037ms (cache miss)
2732 http fetch GET 200 https://registry.npmjs.org/content-disposition/-/content-disposition-1.0.1.tgz 3037ms (cache miss)
2733 http fetch GET 200 https://registry.npmjs.org/pretty-ms/-/pretty-ms-9.3.0.tgz 3036ms (cache miss)
2734 http fetch GET 200 https://registry.npmjs.org/npm-run-path/-/npm-run-path-6.0.0.tgz 3036ms (cache miss)
2735 http fetch GET 200 https://registry.npmjs.org/finalhandler/-/finalhandler-2.1.1.tgz 3037ms (cache miss)
2736 http fetch GET 200 https://registry.npmjs.org/is-stream/-/is-stream-4.0.1.tgz 3037ms (cache miss)
2737 http fetch GET 200 https://registry.npmjs.org/body-parser/-/body-parser-2.2.2.tgz 3042ms (cache miss)
2738 http fetch GET 200 https://registry.npmjs.org/signal-exit/-/signal-exit-4.1.0.tgz 3048ms (cache miss)
2739 http fetch GET 200 https://registry.npmjs.org/human-signals/-/human-signals-8.0.1.tgz 3052ms (cache miss)
2740 http fetch GET 200 https://registry.npmjs.org/strip-final-newline/-/strip-final-newline-4.0.0.tgz 3081ms (cache miss)
2741 http fetch GET 200 https://registry.npmjs.org/get-stream/-/get-stream-9.0.1.tgz 3081ms (cache miss)
2742 http fetch GET 200 https://registry.npmjs.org/ms/-/ms-2.1.3.tgz 3182ms (cache miss)
2743 http fetch GET 200 https://registry.npmjs.org/shebang-command/-/shebang-command-2.0.0.tgz 3182ms (cache miss)
2744 http fetch GET 200 https://registry.npmjs.org/figures/-/figures-6.1.0.tgz 3195ms (cache miss)
2745 http fetch GET 200 https://registry.npmjs.org/vary/-/vary-1.1.2.tgz 3195ms (cache miss)
2746 http fetch GET 200 https://registry.npmjs.org/env-paths/-/env-paths-2.2.1.tgz 3198ms (cache miss)
2747 http fetch GET 200 https://registry.npmjs.org/@sindresorhus/merge-streams/-/merge-streams-4.0.0.tgz 3198ms (cache miss)
2748 http fetch GET 200 https://registry.npmjs.org/path-key/-/path-key-3.1.1.tgz 3201ms (cache miss)
2749 http fetch GET 200 https://registry.npmjs.org/import-fresh/-/import-fresh-3.3.1.tgz 3210ms (cache miss)
2750 http fetch GET 200 https://registry.npmjs.org/parse-json/-/parse-json-5.2.0.tgz 3234ms (cache miss)
2751 http fetch GET 200 https://registry.npmjs.org/@noble/hashes/-/hashes-1.8.0.tgz 3262ms (cache miss)
2752 http fetch GET 200 https://registry.npmjs.org/update-browserslist-db/-/update-browserslist-db-1.2.3.tgz 3402ms (cache miss)
2753 http fetch GET 200 https://registry.npmjs.org/require-from-string/-/require-from-string-2.0.2.tgz 3404ms (cache miss)
2754 http fetch GET 200 https://registry.npmjs.org/accepts/-/accepts-2.0.0.tgz 3404ms (cache miss)
2755 http fetch GET 200 https://registry.npmjs.org/object-assign/-/object-assign-4.1.1.tgz 3406ms (cache miss)
2756 http fetch GET 200 https://registry.npmjs.org/raw-body/-/raw-body-3.0.2.tgz 3407ms (cache miss)
2757 http fetch GET 200 https://registry.npmjs.org/json-schema-typed/-/json-schema-typed-8.0.2.tgz 3414ms (cache miss)
2758 http fetch GET 200 https://registry.npmjs.org/electron-to-chromium/-/electron-to-chromium-1.5.267.tgz 3416ms (cache miss)
2759 http fetch GET 200 https://registry.npmjs.org/baseline-browser-mapping/-/baseline-browser-mapping-2.9.16.tgz 3417ms (cache miss)
2760 http fetch GET 200 https://registry.npmjs.org/@noble/curves/-/curves-1.9.7.tgz 3458ms (cache miss)
2761 http fetch GET 200 https://registry.npmjs.org/jose/-/jose-6.1.3.tgz 3487ms (cache miss)
2762 http fetch GET 200 https://registry.npmjs.org/pkce-challenge/-/pkce-challenge-5.0.1.tgz 3498ms (cache miss)
2763 http fetch GET 200 https://registry.npmjs.org/node-releases/-/node-releases-2.0.27.tgz 3532ms (cache miss)
2764 http fetch GET 200 https://registry.npmjs.org/cookie/-/cookie-0.7.2.tgz 3567ms (cache miss)
2765 http fetch GET 200 https://registry.npmjs.org/json-schema-traverse/-/json-schema-traverse-1.0.0.tgz 3567ms (cache miss)
2766 http fetch GET 200 https://registry.npmjs.org/cors/-/cors-2.8.5.tgz 3566ms (cache miss)
2767 http fetch GET 200 https://registry.npmjs.org/cross-spawn/-/cross-spawn-7.0.6.tgz 3570ms (cache miss)
2768 http fetch GET 200 https://registry.npmjs.org/fast-deep-equal/-/fast-deep-equal-3.1.3.tgz 3569ms (cache miss)
2769 http fetch GET 200 https://registry.npmjs.org/express/-/express-5.2.1.tgz 3574ms (cache miss)
2770 http fetch GET 200 https://registry.npmjs.org/express-rate-limit/-/express-rate-limit-7.5.1.tgz 3577ms (cache miss)
2771 http fetch GET 200 https://registry.npmjs.org/eventsource/-/eventsource-3.0.7.tgz 3579ms (cache miss)
2772 http fetch GET 200 https://registry.npmjs.org/eventsource-parser/-/eventsource-parser-3.0.6.tgz 3580ms (cache miss)
2773 http fetch GET 200 https://registry.npmjs.org/ajv-formats/-/ajv-formats-3.0.1.tgz 3582ms (cache miss)
2774 http fetch GET 200 https://registry.npmjs.org/js-yaml/-/js-yaml-4.1.1.tgz 3593ms (cache miss)
2775 http fetch GET 200 https://registry.npmjs.org/@noble/ciphers/-/ciphers-1.3.0.tgz 3603ms (cache miss)
2776 http fetch GET 200 https://registry.npmjs.org/caniuse-lite/-/caniuse-lite-1.0.30001765.tgz 3612ms (cache miss)
2777 http fetch GET 200 https://registry.npmjs.org/fast-uri/-/fast-uri-3.1.0.tgz 3661ms (cache miss)
2778 http fetch GET 200 https://registry.npmjs.org/@jridgewell/resolve-uri/-/resolve-uri-3.1.2.tgz 3730ms (cache miss)
2779 http fetch GET 200 https://registry.npmjs.org/@hono/node-server/-/node-server-1.19.9.tgz 3745ms (cache miss)
2780 http fetch GET 200 https://registry.npmjs.org/fdir/-/fdir-6.5.0.tgz 3763ms (cache miss)
2781 http fetch GET 200 https://registry.npmjs.org/which/-/which-4.0.0.tgz 3763ms (cache miss)
2782 http fetch GET 200 https://registry.npmjs.org/picomatch/-/picomatch-4.0.3.tgz 3764ms (cache miss)
2783 http fetch GET 200 https://registry.npmjs.org/ignore/-/ignore-5.3.2.tgz 3771ms (cache miss)
2784 http fetch GET 200 https://registry.npmjs.org/@jridgewell/sourcemap-codec/-/sourcemap-codec-1.5.5.tgz 3780ms (cache miss)
2785 http fetch GET 200 https://registry.npmjs.org/dotenv/-/dotenv-17.2.3.tgz 3809ms (cache miss)
2786 http fetch GET 200 https://registry.npmjs.org/content-type/-/content-type-1.0.5.tgz 3822ms (cache miss)
2787 http fetch GET 200 https://registry.npmjs.org/@babel/plugin-syntax-jsx/-/plugin-syntax-jsx-7.28.6.tgz 3919ms (cache miss)
2788 http fetch GET 200 https://registry.npmjs.org/@babel/helper-globals/-/helper-globals-7.28.0.tgz 3920ms (cache miss)
2789 http fetch GET 200 https://registry.npmjs.org/object-treeify/-/object-treeify-1.1.33.tgz 3920ms (cache miss)
2790 http fetch GET 200 https://registry.npmjs.org/@babel/plugin-transform-modules-commonjs/-/plugin-transform-modules-commonjs-7.28.6.tgz 3920ms (cache miss)
2791 http fetch GET 200 https://registry.npmjs.org/eciesjs/-/eciesjs-0.4.16.tgz 3920ms (cache miss)
2792 http fetch GET 200 https://registry.npmjs.org/@babel/helper-string-parser/-/helper-string-parser-7.27.1.tgz 3920ms (cache miss)
2793 http fetch GET 200 https://registry.npmjs.org/@ecies/ciphers/-/ciphers-0.2.5.tgz 3927ms (cache miss)
2794 http fetch GET 200 https://registry.npmjs.org/@babel/helper-replace-supers/-/helper-replace-supers-7.28.6.tgz 3954ms (cache miss)
2795 http fetch GET 200 https://registry.npmjs.org/@babel/plugin-syntax-typescript/-/plugin-syntax-typescript-7.28.6.tgz 3956ms (cache miss)
2796 http fetch GET 200 https://registry.npmjs.org/@babel/helper-optimise-call-expression/-/helper-optimise-call-expression-7.27.1.tgz 3957ms (cache miss)
2797 http fetch GET 200 https://registry.npmjs.org/@babel/helper-member-expression-to-functions/-/helper-member-expression-to-functions-7.28.5.tgz 3957ms (cache miss)
2798 http fetch GET 200 https://registry.npmjs.org/@babel/helper-annotate-as-pure/-/helper-annotate-as-pure-7.27.3.tgz 3958ms (cache miss)
2799 http fetch GET 200 https://registry.npmjs.org/@babel/helper-plugin-utils/-/helper-plugin-utils-7.28.6.tgz 3970ms (cache miss)
2800 http fetch GET 200 https://registry.npmjs.org/hono/-/hono-4.11.4.tgz 3988ms (cache miss)
2801 http fetch GET 200 https://registry.npmjs.org/ajv/-/ajv-8.17.1.tgz 3999ms (cache miss)
2802 http fetch GET 200 https://registry.npmjs.org/lru-cache/-/lru-cache-5.1.1.tgz 4060ms (cache miss)
2803 http fetch GET 200 https://registry.npmjs.org/picocolors/-/picocolors-1.1.1.tgz 4067ms (cache miss)
2804 http fetch GET 200 https://registry.npmjs.org/@babel/compat-data/-/compat-data-7.28.6.tgz 4074ms (cache miss)
2805 http fetch GET 200 https://registry.npmjs.org/js-tokens/-/js-tokens-4.0.0.tgz 4084ms (cache miss)
2806 http fetch GET 200 https://registry.npmjs.org/@babel/helper-validator-option/-/helper-validator-option-7.27.1.tgz 4095ms (cache miss)
2807 http fetch GET 200 https://registry.npmjs.org/@babel/helper-module-imports/-/helper-module-imports-7.28.6.tgz 4096ms (cache miss)
2808 http fetch GET 200 https://registry.npmjs.org/@jridgewell/gen-mapping/-/gen-mapping-0.3.13.tgz 4097ms (cache miss)
2809 http fetch GET 200 https://registry.npmjs.org/@jridgewell/trace-mapping/-/trace-mapping-0.3.31.tgz 4104ms (cache miss)
2810 http fetch GET 200 https://registry.npmjs.org/gensync/-/gensync-1.0.0-beta.2.tgz 4115ms (cache miss)
2811 http fetch GET 200 https://registry.npmjs.org/json5/-/json5-2.2.3.tgz 4121ms (cache miss)
2812 http fetch GET 200 https://registry.npmjs.org/jsesc/-/jsesc-3.1.0.tgz 4123ms (cache miss)
2813 http fetch GET 200 https://registry.npmjs.org/semver/-/semver-6.3.1.tgz 4127ms (cache miss)
2814 http fetch GET 200 https://registry.npmjs.org/@babel/helper-create-class-features-plugin/-/helper-create-class-features-plugin-7.28.6.tgz 4130ms (cache miss)
2815 http fetch GET 200 https://registry.npmjs.org/convert-source-map/-/convert-source-map-2.0.0.tgz 4132ms (cache miss)
2816 http fetch GET 200 https://registry.npmjs.org/@babel/helper-validator-identifier/-/helper-validator-identifier-7.28.5.tgz 4134ms (cache miss)
2817 http fetch GET 200 https://registry.npmjs.org/debug/-/debug-4.4.3.tgz 4220ms (cache miss)
2818 http fetch GET 200 https://registry.npmjs.org/@babel/helper-skip-transparent-expression-wrappers/-/helper-skip-transparent-expression-wrappers-7.27.1.tgz 4225ms (cache miss)
2819 http fetch GET 200 https://registry.npmjs.org/@babel/template/-/template-7.28.6.tgz 4234ms (cache miss)
2820 http fetch GET 200 https://registry.npmjs.org/tinyexec/-/tinyexec-1.0.2.tgz 4257ms (cache miss)
2821 http fetch GET 200 https://registry.npmjs.org/@babel/traverse/-/traverse-7.28.6.tgz 4268ms (cache miss)
2822 http fetch GET 200 https://registry.npmjs.org/@babel/helper-compilation-targets/-/helper-compilation-targets-7.28.6.tgz 4268ms (cache miss)
2823 http fetch GET 200 https://registry.npmjs.org/@jridgewell/remapping/-/remapping-2.3.5.tgz 4276ms (cache miss)
2824 http fetch GET 200 https://registry.npmjs.org/fzf/-/fzf-0.5.2.tgz 4291ms (cache miss)
2825 http fetch GET 200 https://registry.npmjs.org/ansis/-/ansis-4.2.0.tgz 4296ms (cache miss)
2826 http fetch GET 200 https://registry.npmjs.org/package-manager-detector/-/package-manager-detector-1.6.0.tgz 4311ms (cache miss)
2827 http fetch GET 200 https://registry.npmjs.org/@babel/code-frame/-/code-frame-7.28.6.tgz 4313ms (cache miss)
2828 http fetch GET 200 https://registry.npmjs.org/@babel/helper-module-transforms/-/helper-module-transforms-7.28.6.tgz 4325ms (cache miss)
2829 http fetch GET 200 https://registry.npmjs.org/zod-to-json-schema/-/zod-to-json-schema-3.25.1.tgz 4364ms (cache miss)
2830 http fetch GET 200 https://registry.npmjs.org/@babel/helpers/-/helpers-7.28.6.tgz 4375ms (cache miss)
2831 http fetch GET 200 https://registry.npmjs.org/validate-npm-package-name/-/validate-npm-package-name-7.0.2.tgz 4481ms (cache miss)
2832 http fetch GET 200 https://registry.npmjs.org/stringify-object/-/stringify-object-5.0.0.tgz 4481ms (cache miss)
2833 http fetch GET 200 https://registry.npmjs.org/open/-/open-11.0.0.tgz 4486ms (cache miss)
2834 http fetch GET 200 https://registry.npmjs.org/kleur/-/kleur-4.1.5.tgz 4505ms (cache miss)
2835 http fetch GET 200 https://registry.npmjs.org/https-proxy-agent/-/https-proxy-agent-7.0.6.tgz 4512ms (cache miss)
2836 http fetch GET 200 https://registry.npmjs.org/postcss-selector-parser/-/postcss-selector-parser-7.1.1.tgz 4526ms (cache miss)
2837 http fetch GET 200 https://registry.npmjs.org/recast/-/recast-0.23.11.tgz 4527ms (cache miss)
2838 http fetch GET 200 https://registry.npmjs.org/postcss/-/postcss-8.5.6.tgz 4532ms (cache miss)
2839 http fetch GET 200 https://registry.npmjs.org/ts-morph/-/ts-morph-26.0.0.tgz 4538ms (cache miss)
2840 http fetch GET 200 https://registry.npmjs.org/@babel/generator/-/generator-7.28.6.tgz 4557ms (cache miss)
2841 http fetch GET 200 https://registry.npmjs.org/tsconfig-paths/-/tsconfig-paths-4.2.0.tgz 4565ms (cache miss)
2842 http fetch GET 200 https://registry.npmjs.org/prompts/-/prompts-2.4.2.tgz 4578ms (cache miss)
2843 http fetch GET 200 https://registry.npmjs.org/@babel/types/-/types-7.28.6.tgz 4606ms (cache miss)
2844 http fetch GET 200 https://registry.npmjs.org/fuzzysort/-/fuzzysort-3.1.0.tgz 4672ms (cache miss)
2845 http fetch GET 200 https://registry.npmjs.org/node-fetch/-/node-fetch-3.3.2.tgz 4679ms (cache miss)
2846 http fetch GET 200 https://registry.npmjs.org/ora/-/ora-8.2.0.tgz 4690ms (cache miss)
2847 http fetch GET 200 https://registry.npmjs.org/dedent/-/dedent-1.7.1.tgz 4735ms (cache miss)
2848 http fetch GET 200 https://registry.npmjs.org/deepmerge/-/deepmerge-4.3.1.tgz 4736ms (cache miss)
2849 http fetch GET 200 https://registry.npmjs.org/fs-extra/-/fs-extra-11.3.3.tgz 4759ms (cache miss)
2850 http fetch GET 200 https://registry.npmjs.org/browserslist/-/browserslist-4.28.1.tgz 4760ms (cache miss)
2851 http fetch GET 200 https://registry.npmjs.org/execa/-/execa-9.6.1.tgz 4764ms (cache miss)
2852 http fetch GET 200 https://registry.npmjs.org/fast-glob/-/fast-glob-3.3.3.tgz 4769ms (cache miss)
2853 http fetch GET 200 https://registry.npmjs.org/cosmiconfig/-/cosmiconfig-9.0.0.tgz 4777ms (cache miss)
2854 http fetch GET 200 https://registry.npmjs.org/@babel/preset-typescript/-/preset-typescript-7.28.5.tgz 4813ms (cache miss)
2855 http fetch GET 200 https://registry.npmjs.org/commander/-/commander-14.0.2.tgz 4815ms (cache miss)
2856 http fetch GET 200 https://registry.npmjs.org/diff/-/diff-8.0.3.tgz 4853ms (cache miss)
2857 http fetch GET 200 https://registry.npmjs.org/@types/validate-npm-package-name/-/validate-npm-package-name-4.0.2.tgz 4952ms (cache miss)
2858 http fetch GET 200 https://registry.npmjs.org/strip-ansi/-/strip-ansi-6.0.1.tgz 4962ms (cache miss)
2859 http fetch GET 200 https://registry.npmjs.org/emoji-regex/-/emoji-regex-8.0.0.tgz 4964ms (cache miss)
2860 http fetch GET 200 https://registry.npmjs.org/@babel/plugin-transform-typescript/-/plugin-transform-typescript-7.28.6.tgz 4973ms (cache miss)
2861 http fetch GET 200 https://registry.npmjs.org/zod/-/zod-3.25.76.tgz 4987ms (cache miss)
2862 http fetch GET 200 https://registry.npmjs.org/msw/-/msw-2.12.7.tgz 5000ms (cache miss)
2863 http fetch GET 200 https://registry.npmjs.org/emoji-regex/-/emoji-regex-8.0.0.tgz 5005ms (cache miss)
2864 http fetch GET 200 https://registry.npmjs.org/ansi-regex/-/ansi-regex-5.0.1.tgz 5011ms (cache miss)
2865 http fetch GET 200 https://registry.npmjs.org/string-width/-/string-width-4.2.3.tgz 5011ms (cache miss)
2866 http fetch GET 200 https://registry.npmjs.org/wrap-ansi/-/wrap-ansi-7.0.0.tgz 5011ms (cache miss)
2867 http fetch GET 200 https://registry.npmjs.org/shadcn/-/shadcn-3.7.0.tgz 5018ms (cache miss)
2868 http fetch GET 200 https://registry.npmjs.org/@antfu/ni/-/ni-25.0.0.tgz 5033ms (cache miss)
2869 http fetch GET 200 https://registry.npmjs.org/@babel/core/-/core-7.28.6.tgz 5048ms (cache miss)
2870 http fetch GET 200 https://registry.npmjs.org/strip-ansi/-/strip-ansi-6.0.1.tgz 5171ms (cache miss)
2871 http fetch GET 200 https://registry.npmjs.org/is-unicode-supported/-/is-unicode-supported-1.3.0.tgz 5172ms (cache miss)
2872 http fetch GET 200 https://registry.npmjs.org/ansi-regex/-/ansi-regex-5.0.1.tgz 5174ms (cache miss)
2873 http fetch GET 200 https://registry.npmjs.org/emoji-regex/-/emoji-regex-8.0.0.tgz 5183ms (cache miss)
2874 http fetch GET 200 https://registry.npmjs.org/path-to-regexp/-/path-to-regexp-8.3.0.tgz 5190ms (cache miss)
2875 http fetch GET 200 https://registry.npmjs.org/ansi-regex/-/ansi-regex-5.0.1.tgz 5190ms (cache miss)
2876 http fetch GET 200 https://registry.npmjs.org/string-width/-/string-width-4.2.3.tgz 5190ms (cache miss)
2877 http fetch GET 200 https://registry.npmjs.org/@modelcontextprotocol/sdk/-/sdk-1.25.3.tgz 5202ms (cache miss)
2878 http fetch GET 200 https://registry.npmjs.org/@babel/parser/-/parser-7.28.6.tgz 5220ms (cache miss)
2879 http fetch GET 200 https://registry.npmjs.org/path-key/-/path-key-4.0.0.tgz 5252ms (cache miss)
2880 http fetch GET 200 https://registry.npmjs.org/which/-/which-2.0.2.tgz 5255ms (cache miss)
2881 http fetch GET 200 https://registry.npmjs.org/isexe/-/isexe-2.0.0.tgz 5256ms (cache miss)
2882 http fetch GET 200 https://registry.npmjs.org/kleur/-/kleur-3.0.3.tgz 5256ms (cache miss)
2883 http fetch GET 200 https://registry.npmjs.org/cookie/-/cookie-1.1.1.tgz 5257ms (cache miss)
2884 http fetch GET 200 https://registry.npmjs.org/picomatch/-/picomatch-2.3.1.tgz 5258ms (cache miss)
2885 http fetch GET 200 https://registry.npmjs.org/@dotenvx/dotenvx/-/dotenvx-1.51.4.tgz 5284ms (cache miss)
2886 http fetch GET 200 https://registry.npmjs.org/strip-ansi/-/strip-ansi-6.0.1.tgz 5330ms (cache miss)
2887 http fetch GET 200 https://registry.npmjs.org/strip-final-newline/-/strip-final-newline-2.0.0.tgz 5337ms (cache miss)
2888 http fetch GET 200 https://registry.npmjs.org/npm-run-path/-/npm-run-path-4.0.1.tgz 5340ms (cache miss)
2889 http fetch GET 200 https://registry.npmjs.org/is-stream/-/is-stream-2.0.1.tgz 5348ms (cache miss)
2890 http fetch GET 200 https://registry.npmjs.org/get-stream/-/get-stream-6.0.1.tgz 5349ms (cache miss)
2891 http fetch GET 200 https://registry.npmjs.org/human-signals/-/human-signals-2.1.0.tgz 5350ms (cache miss)
2892 http fetch GET 200 https://registry.npmjs.org/string-width/-/string-width-4.2.3.tgz 5369ms (cache miss)
2893 http fetch GET 200 https://registry.npmjs.org/signal-exit/-/signal-exit-3.0.7.tgz 5477ms (cache miss)
2894 http fetch GET 200 https://registry.npmjs.org/execa/-/execa-5.1.1.tgz 5470ms (cache miss)
2895 http fetch GET 200 https://registry.npmjs.org/onetime/-/onetime-5.1.2.tgz 5476ms (cache miss)
2896 http fetch GET 200 https://registry.npmjs.org/commander/-/commander-11.1.0.tgz 5465ms (cache miss)
2897 info run msw@2.12.7 postinstall node_modules/msw node -e "import('./config/scripts/postinstall.js').catch(() => void 0)"
2898 info run msw@2.12.7 postinstall { code: 0, signal: null }
2899 verbose cwd /Users/mazhihui/Desktop/yishitong
2900 verbose os Darwin 25.3.0
2901 verbose node v24.12.0
2902 verbose npm  v11.6.2
2903 notice
2903 notice New [33mminor[39m version of npm available! [33m11.6.2[39m -> [34m11.7.0[39m
2903 notice Changelog: [34mhttps://github.com/npm/cli/releases/tag/v11.7.0[39m
2903 notice To update run: [4mnpm install -g npm@11.7.0[24m
2903 notice  { force: true, Symbol(proc-log.meta): true }
2904 verbose exit 0
2905 info ok
